time_step,scenario,attack_type,security_enabled,solar_generation,wind_generation,total_generation,true_load,reported_load,served_load,unmet_demand,reserve_used,storage_used,load_shed,voltage,frequency,imbalance,data_integrity_ok,anomaly_detected,command_authenticated
0,dos_delay_attack,dos_delay,False,2.110175279208356,11.815193113652025,13.925368392860381,55.09235713991521,55.09235713991521,46.62556164109328,0.0,20.0,12.700193248232898,8.466795498821932,1.0,50.0,0.0,False,False,True
1,dos_delay_attack,dos_delay,False,2.8427079894374456,13.091815008367881,15.934522997805328,56.567485220568145,56.567485220568145,48.314300331463016,0.0,20.0,12.379777333657687,8.253184889105126,1.0,50.0,0.0,False,False,True
2,dos_delay_attack,dos_delay,False,1.8259346760467166,13.238996740154297,15.064931416201013,54.78893306235558,55.09235713991521,46.32213756353365,0.0,20.0,12.700193248232898,8.466795498821932,1.0072149355045013,50.04328961302701,1.442987100900261,True,False,True
3,dos_delay_attack,dos_delay,False,6.985435762888109,14.153613522179793,21.1390492850679,55.1606525368573,56.567485220568145,46.90746764775217,0.0,20.0,12.379777333657687,8.253184889105126,1.033056794854867,50.1983407691292,6.611358970973413,True,False,True
4,dos_delay_attack,dos_delay,False,7.194407692060738,14.393594455346957,21.588002147407693,56.879944949745564,54.78893306235558,48.99034429128373,0.0,20.0,11.83440098769274,7.889600658461829,1.0221602942190835,50.1329617653145,4.432058843816698,True,False,True
5,dos_delay_attack,dos_delay,False,7.756841402662273,17.174905538878285,24.93174694154056,58.97132845533627,55.1606525368573,53.3447088926142,0.017978262006309365,20.0,8.41296195107364,5.60864130071576,0.9999101086899684,49.99946065213981,-0.017978262006309365,True,False,True
6,dos_delay_attack,dos_delay,False,6.380213063223859,17.14337020264061,23.52358326586447,57.508848881051776,56.879944949745564,51.39207176011663,0.0,20.0,9.175165681402722,6.116777120935149,1.0065333859357528,50.039200315614515,1.3066771871505694,True,False,True
7,dos_delay_attack,dos_delay,False,12.853015434941206,13.510184465892545,26.36319990083375,56.90895207085592,58.97132845533627,51.29311946533763,0.0,20.0,8.423748908277426,5.615832605518284,1.0174691467188677,50.10481488031321,3.493829343773541,True,False,True
8,dos_delay_attack,dos_delay,False,13.630277336295755,13.752234426967307,27.38251176326306,58.79215397341399,57.508848881051776,53.198047727339066,0.0,20.0,8.391159369112382,5.5941062460749205,1.012878117025182,50.077268702151095,2.5756234050363744,True,False,True
9,dos_delay_attack,dos_delay,False,14.60866077809784,18.105275415219115,32.713936193316954,59.44685301455019,56.90895207085592,54.559532667346645,0.0,18.3274513020133,7.33098052080532,4.887320347203548,1.0190641767439446,50.11438506046367,3.81283534878893,True,False,True
10,dos_delay_attack,dos_delay,False,14.474636575620732,15.18289908196553,29.657535657586262,57.417615813155,58.79215397341399,52.39207305953085,0.0,18.845785326090557,7.5383141304362224,5.025542753624149,1.018247810272911,50.109486861637464,3.6495620545821836,True,False,True
11,dos_delay_attack,dos_delay,False,18.558377335308577,17.099924156227146,35.658301491535724,61.20321195065089,59.44685301455019,56.925945259253574,0.0,16.039750092739943,6.415900037095978,4.277266691397318,1.0059400318105904,50.03564019086354,1.1880063621180739,True,False,True
12,dos_delay_attack,dos_delay,False,16.422239550220127,17.127246455630242,33.54948600585037,60.03059623586481,57.417615813155,55.58898341097382,0.0,16.656048093341244,6.662419237336498,4.441612824890998,1.0063948496277715,50.038369097766626,1.2789699255542928,True,False,True
13,dos_delay_attack,dos_delay,False,18.642016539207546,16.44689932608434,35.08891586529188,58.55462240543799,61.20321195065089,54.46743673197956,0.0,15.326946275469098,6.13077851018764,4.0871856734584275,1.0103960195948454,50.06237611756907,2.079203918969057,True,False,True
14,dos_delay_attack,dos_delay,False,18.543278795012228,15.978753521905206,34.52203231691743,59.86059620139476,60.03059623586481,55.623618564592455,0.0,15.888666138008666,6.355466455203467,4.236977636802311,1.0057127317276855,50.03427639036612,1.142546345537113,True,False,True
15,dos_delay_attack,dos_delay,False,22.470262297877312,16.707476134218517,39.17773843209583,60.471485945746686,58.55462240543799,56.71697289932331,0.0,14.079423924087665,5.631769569635066,3.7545130464233774,1.0108597951324763,50.06515877079486,2.1719590264952515,True,False,True
16,dos_delay_attack,dos_delay,False,24.71738055848952,15.627897322558919,40.34527788104844,60.67221044677057,59.86059620139476,56.6180402252542,0.0,15.203138330686398,6.0812553322745595,4.054170221516373,1.025058156593776,50.150348939562654,5.0116313187551995,True,False,True
17,dos_delay_attack,dos_delay,False,23.97200922101899,18.933834136916555,42.905843357935545,62.30420793885504,60.471485945746686,58.89720833667091,0.0,12.776248508190514,5.110499403276205,3.406999602184137,1.0094769146636569,50.05686148798194,1.8953829327313585,True,False,True
18,dos_delay_attack,dos_delay,False,22.474099227973444,18.82115775514606,41.2952569831195,63.38197551419174,60.67221044677057,58.3698803383261,1.7597859653500976,12.196159539433278,4.878463815773312,3.2523092105155413,0.9912010701732495,49.947206421039496,-1.7597859653500976,True,False,True
19,dos_delay_attack,dos_delay,False,22.762624370180298,16.82742119460991,39.59004556479021,61.36545648141658,62.30420793885504,55.88467181276259,2.377046335706872,11.639018748551699,4.65560749942068,3.1037383329471195,0.9881147683214656,49.92868860992879,-2.377046335706872,True,False,True
20,dos_delay_attack,dos_delay,False,27.27864496006363,21.63061817516438,48.90926313522801,62.72917693529893,63.38197551419174,59.19530197032737,0.0,13.252031118643341,5.300812447457337,3.5338749649715586,1.0413340236550066,50.24800414193004,8.266804731001308,True,False,True
21,dos_delay_attack,dos_delay,False,27.998003339573494,17.41279980061146,45.41080314018495,62.364214845684145,61.36545648141658,58.880149099023924,0.0,13.065246549975821,5.226098619990329,3.48406574666022,1.024109996055636,50.14465997633381,4.821999211127185,True,False,True
22,dos_delay_attack,dos_delay,False,27.1162716967339,21.874357104900046,48.990628801633946,62.08372589693479,62.72917693529893,59.87253968892344,0.0,8.291948280042552,3.316779312017021,2.211186208011348,1.0036340835238504,50.0218045011431,0.72681670477008,True,False,True
23,dos_delay_attack,dos_delay,False,27.774703116584448,22.003757752579073,49.778460869163524,62.984651021435745,62.364214845684145,60.27210514855587,0.0,10.172047023299514,4.068818809319807,2.712545872879871,1.0187361077661348,50.112416646596806,3.7472215532269715,True,False,True
24,dos_delay_attack,dos_delay,False,26.20856056221831,20.056908641762796,46.265469203981105,62.38820914191736,62.08372589693479,57.26367076403382,3.029642842635404,7.855858257180504,3.1423433028722023,2.094895535248135,0.984851785786823,49.90911071472094,-3.029642842635404,True,False,True
25,dos_delay_attack,dos_delay,False,27.46068415438266,20.319915282087358,47.78059943647001,62.93611854343354,62.984651021435745,58.873799164378674,1.9493289546913104,7.923714091363332,3.169485636545333,2.1129904243635553,0.9902533552265435,49.94152013135926,-1.9493289546913104,True,False,True
26,dos_delay_attack,dos_delay,False,27.0705644940248,17.05840618482546,44.128970678850266,63.66348926121092,62.38820914191736,57.672072226716715,3.411778644424402,9.673643962761751,3.8694575851047004,2.5796383900698006,0.9829411067778779,49.89764664066727,-3.411778644424402,True,False,True
27,dos_delay_attack,dos_delay,False,30.61684793561216,20.7169985757488,51.33384651136096,62.76540042028327,62.93611854343354,60.340517363169106,0.0,9.093311464178115,3.6373245856712457,2.424883057114164,1.0186198259902062,50.111718955941235,3.7239651980412205,True,False,True
28,dos_delay_attack,dos_delay,False,28.573253106842095,20.2527242526605,48.825977359502595,63.186220663203905,63.66348926121092,60.0606976900262,0.0,11.720711149416392,4.688284459766558,3.1255229731777048,1.0258713763932967,50.15522825835978,5.174275278659351,True,False,True
29,dos_delay_attack,dos_delay,False,29.295999509838513,20.61067070107448,49.90667021091299,65.8503231898464,62.76540042028327,59.509175494407735,4.512099070011097,6.858932345353386,2.7435729381413547,1.82904862542757,0.9774395046499446,49.86463702789967,-4.512099070011097,True,False,True
30,dos_delay_attack,dos_delay,False,28.27796840397515,17.312801091450346,45.5907694954255,64.68852318139412,63.186220663203905,57.6533738705346,4.73751038226731,8.616145982220786,3.446458392888314,2.29763892859221,0.9763124480886635,49.85787468853198,-4.73751038226731,True,False,True
31,dos_delay_attack,dos_delay,False,29.72152065633341,17.310087149363927,47.031607805697334,63.368503715135056,65.8503231898464,60.4242763080014,0.39324293050430725,9.566191787360049,3.826476714944019,2.5509844766293464,0.9980337853474784,49.98820271208487,-0.39324293050430725,True,False,True
32,dos_delay_attack,dos_delay,False,28.394165249033165,18.568692475903198,46.96285772493636,63.76285554923687,64.68852318139412,60.70721495948189,0.0,11.458652211581171,4.583460884632469,3.0556405897549794,1.0114887793083407,50.06893267585004,2.297755861668122,True,False,True
33,dos_delay_attack,dos_delay,False,31.366448643732504,19.4019942493604,50.7684428930929,64.8421492049222,63.368503715135056,62.228245859412155,0.0,9.802137545662633,3.920855018265053,2.6139033455100353,1.0113159479880423,50.06789568792825,2.263189597608431,True,False,True
34,dos_delay_attack,dos_delay,False,28.08557944564661,18.062530699289084,46.14811014493569,65.41680554544608,63.76285554923687,60.26010831734812,2.468697576209884,10.079998694580302,4.031999477832121,2.687999651888081,0.9876565121189506,49.9259390727137,-2.468697576209884,True,False,True
35,dos_delay_attack,dos_delay,False,29.8406558877063,17.216581914441456,47.05723780214775,66.68291416960102,64.8421492049222,58.87915110408436,5.551970055623983,8.444223787097574,3.3776895148390302,2.251793009892687,0.9722401497218801,49.83344089833128,-5.551970055623983,True,False,True
36,dos_delay_attack,dos_delay,False,28.913143644400957,18.186270338046196,47.09941398244715,66.31289629086821,65.41680554544608,63.22990502678655,0.0,11.561217240306233,4.624486896122494,3.082991264081662,1.0002760654604466,50.00165639276268,0.055213092089331894,True,False,True
37,dos_delay_attack,dos_delay,False,29.57716423275275,19.862048709488953,49.4392129422417,64.25390946960584,66.68291416960102,61.113801250813324,0.0,11.77540582047196,4.710162328188784,3.1401082187925224,1.0240548992004457,50.144329395202675,4.810979840089118,True,False,True
38,dos_delay_attack,dos_delay,False,25.45056626398426,19.48528342804764,44.9358496920319,64.97062531613928,66.31289629086821,61.075174831105585,0.8212933156863187,11.528089385052633,4.611235754021054,3.0741571693473695,0.9958935334215684,49.97536120052941,-0.8212933156863187,True,False,True
39,dos_delay_attack,dos_delay,False,26.419256498840042,19.82189075880804,46.24114725764808,66.7115016161543,64.25390946960584,58.68549234063396,5.655657831142079,8.888817916418484,3.5555271665673946,2.370351444378263,0.9717217108442896,49.83033026506574,-5.655657831142079,True,False,True
40,dos_delay_attack,dos_delay,False,28.18642262108512,20.471755655511537,48.65817827659666,63.521253121367586,64.97062531613928,60.31568902151041,0.0,12.020865374464424,4.808346149785771,3.20556409985718,1.0258585038966823,50.15515102338009,5.171700779336447,True,False,True
41,dos_delay_attack,dos_delay,False,22.844539508192753,19.4753803850408,42.31991989323355,63.03604682723678,66.7115016161543,59.51501755437877,0.24577257549701415,12.282212615103727,4.912885046041492,3.2752566973609945,0.998771137122515,49.99262682273509,-0.24577257549701415,True,False,True
42,dos_delay_attack,dos_delay,False,22.396513030335367,19.791976470356506,42.18848950069187,63.12979196065897,63.521253121367586,54.67347237029945,6.07822761519617,8.917844906862557,3.5671379627450226,2.3780919751633482,0.9696088619240192,49.817653171544116,-6.07822761519617,True,False,True
43,dos_delay_attack,dos_delay,False,21.148104817066233,16.601908887956107,37.75001370502234,63.50919649343774,63.03604682723678,55.15156032958505,5.043055854412174,12.429676160401936,4.971870464160775,3.314580309440517,0.9747847207279391,49.848708324367635,-5.043055854412174,True,False,True
44,dos_delay_attack,dos_delay,False,19.730246045710544,18.971989306919692,38.70223535263024,66.52205847617705,63.12979196065897,56.2929294190026,6.878520663579721,12.564781475980258,5.025912590392104,3.3506083935947357,0.9656073966821014,49.79364438009261,-6.878520663579721,True,False,True
45,dos_delay_attack,dos_delay,False,19.09118807112552,18.90981143036256,38.00099950148808,64.98042619676015,63.50919649343774,59.63871304375702,1.2202439068566662,15.45550967304924,6.182203869219697,4.121469246146464,0.9938987804657167,49.9633926827943,-1.2202439068566662,True,False,True
46,dos_delay_attack,dos_delay,False,19.24902838576084,20.43718862663835,39.68621701239919,63.895178187979994,66.52205847617705,59.4440064882125,0.0,16.691893874128088,6.676757549651234,4.45117169976749,1.01805430973983,50.10832585843898,3.610861947966015,True,False,True
47,dos_delay_attack,dos_delay,False,20.152144750075095,15.76512362328116,35.91726837335625,66.30934579554884,64.98042619676015,58.579986797384784,3.4126507269205177,16.18765601716324,6.475062406865297,4.316708271243532,0.9829367463653974,49.89762047819239,-3.4126507269205177,True,False,True
48,dos_delay_attack,dos_delay,False,14.830961364166972,18.56368684958039,33.39464821374736,63.490755111635835,63.895178187979994,53.73017560123523,5.887145722307672,14.525376705348481,5.810150682139393,3.873433788092929,0.9705642713884617,49.82338562833077,-5.887145722307672,True,False,True
49,dos_delay_attack,dos_delay,False,14.38949171021517,19.856010340200847,34.245502050416015,64.83236467387154,66.30934579554884,59.774847085057786,0.1947852012629383,18.23524645331555,7.294098581326221,4.862732387550814,0.9990260739936853,49.99415644396211,-0.1947852012629383,True,False,True
50,dos_delay_attack,dos_delay,False,17.11502320959626,16.416703804579463,33.53172701417572,63.3756751615284,63.490755111635835,58.56029805786624,0.0,18.057664138733085,7.223065655493234,4.815377103662157,1.001260793752679,50.007564762516076,0.2521587505357985,True,False,True
51,dos_delay_attack,dos_delay,False,10.703055255772682,15.478159992286484,26.181215248059168,64.32681686014165,64.83236467387154,51.8741798517618,7.558738988626963,18.352117574073315,7.340847029629325,4.893898019752884,0.9622063050568652,49.77323783034119,-7.558738988626963,True,False,True
52,dos_delay_attack,dos_delay,False,11.654897337928489,17.324087860433025,28.978985198361514,62.58570176319816,63.3756751615284,54.04790164213776,3.7627684174839686,17.906368888411606,7.162547555364642,4.7750317035764285,0.9811861579125801,49.887116947475484,-3.7627684174839686,True,False,True
53,dos_delay_attack,dos_delay,False,10.91325751824116,16.340717169031215,27.253974687272375,61.595182802265995,64.32681686014165,54.336942157433,0.0,20.0,10.887360967249487,7.258240644832993,1.0190219674854444,50.11413180491267,3.80439349708886,True,False,True
54,dos_delay_attack,dos_delay,False,10.170334711927993,19.276873319852026,29.44720803178002,64.08092672353641,62.58570176319816,57.61123797068201,1.02700212691974,20.0,8.164029938901987,5.442686625934659,0.9948649893654014,49.96918993619241,-1.02700212691974,True,False,True
55,dos_delay_attack,dos_delay,False,9.860615542602646,15.733812642399574,25.594428185002222,63.326379270181505,61.595182802265995,54.199153053998394,3.390742970185663,20.0,8.604724868996172,5.736483245997448,0.9830462851490717,49.89827771089443,-3.390742970185663,True,False,True
56,dos_delay_attack,dos_delay,False,5.284968367577356,18.006632150348462,23.29160051792582,61.51240049351107,64.08092672353641,52.071831732979646,3.587081283828873,20.0,8.780231215053831,5.853487476702554,0.9820645935808556,49.89238756148514,-3.587081283828873,True,False,True
57,dos_delay_attack,dos_delay,False,3.741627921369129,18.5809627944915,22.32259071586063,60.804783730969206,63.326379270181505,52.9617613669682,0.7502419299292953,20.0,10.63917065110757,7.092780434071713,0.9962487903503535,49.97749274210212,-0.7502419299292953,True,False,True
58,dos_delay_attack,dos_delay,False,3.43822555043299,16.43690620766507,19.87513175809806,62.20490852613461,61.51240049351107,50.807611743449215,4.108976792451294,20.0,10.93247998535115,7.2883199902341005,0.9794551160377435,49.87673069622646,-4.108976792451294,True,False,True
59,dos_delay_attack,dos_delay,False,0.0,13.82566546940453,13.82566546940453,60.95377527316732,60.804783730969206,44.914981278469675,8.645916788654212,20.0,11.089315809065146,7.392877206043432,0.956770416056729,49.74062249634037,-8.645916788654212,True,False,True
60,dos_delay_attack,dos_delay,False,0.35881691174699626,16.835140085278375,17.19395699702537,59.75572538589053,62.20490852613461,50.5918230578473,0.2319916208286088,20.0,13.397866060821931,8.931910707214621,0.998840041895857,49.99304025137514,-0.2319916208286088,True,False,True
61,dos_delay_attack,dos_delay,False,0.0,13.05626373521987,13.05626373521987,61.20983842418548,60.95377527316732,48.05626373521987,3.1535746889656053,20.0,15.0,10.0,0.984232126555172,49.90539275933103,-3.1535746889656053,True,False,True
62,dos_delay_attack,dos_delay,False,1.5973649272726718,15.483293373621171,17.080658300893845,60.979110400845315,59.75572538589053,50.61771933421294,1.3366837110863088,20.0,13.537061033319096,9.024707355546065,0.9933165814445685,49.95989948866741,-1.3366837110863088,True,False,True
63,dos_delay_attack,dos_delay,False,2.8758266224238014,14.7376371481173,17.613463770541102,59.45324089858874,61.20983842418548,49.45324089858874,0.0,20.0,15.0,10.0,1.0158011143597618,50.09480668615857,3.1602228719523637,True,False,True
64,dos_delay_attack,dos_delay,False,0.0,12.667349625221581,12.667349625221581,61.95652499321904,60.979110400845315,47.00642088519246,5.3907232680459884,20.0,14.339071259970881,9.559380839980589,0.97304638365977,49.83827830195862,-5.3907232680459884,True,False,True
65,dos_delay_attack,dos_delay,False,0.0,10.980153665107125,10.980153665107125,60.47817145345152,59.45324089858874,44.08401994193571,7.658240660296762,20.0,13.103866276828581,8.735910851219055,0.9617087966985162,49.7702527801911,-7.658240660296762,True,False,True
66,dos_delay_attack,dos_delay,False,0.0,13.592468052108453,13.592468052108453,59.592838536596055,61.95652499321904,48.59246805210845,1.000370484487604,20.0,15.0,10.0,0.994998147577562,49.96998888546537,-1.000370484487604,True,False,True
67,dos_delay_attack,dos_delay,False,2.6798025755134596,14.063570041249731,16.74337261676319,58.87787656648518,60.47817145345152,48.87787656648518,0.0,20.0,15.0,10.0,1.01432748025139,50.08596488150834,2.8654960502780114,True,False,True
68,dos_delay_attack,dos_delay,False,0.0,12.358313318738707,12.358313318738707,60.84886791016169,59.592838536596055,47.35831331873871,3.4905545914229776,20.0,15.0,10.0,0.9825472270428851,49.89528336225731,-3.4905545914229776,True,False,True
69,dos_delay_attack,dos_delay,False,0.0,11.090077985233206,11.090077985233206,58.80675903788759,58.87787656648518,44.3707803550664,5.582177102932391,20.0,13.280702369833193,8.853801579888795,0.9720891144853381,49.83253468691203,-5.582177102932391,True,False,True
70,dos_delay_attack,dos_delay,False,2.8425828186517865,14.507998215065083,17.35058103371687,59.91379854713341,60.84886791016169,49.91379854713341,0.0,20.0,15.0,10.0,1.0121839124329173,50.0731034745975,2.4367824865834606,True,False,True
71,dos_delay_attack,dos_delay,False,2.5504628998163126,8.816575139837887,11.3670380396542,59.51013510893573,58.80675903788759,46.367038039654204,3.1430970692815237,20.0,15.0,10.0,0.9842845146535923,49.905707087921556,-3.1430970692815237,True,False,True
72,dos_delay_attack,dos_delay,False,0.7353623631062853,11.8602392405698,12.595601603676085,59.0083037420821,59.91379854713341,46.13353211172601,3.849484624989472,20.0,13.537930508049923,9.025287005366616,0.9807525768750527,49.88451546125032,-3.849484624989472,True,False,True
73,dos_delay_attack,dos_delay,False,2.317457429209,9.44016891318969,11.75762634239869,55.988253863026145,59.51013510893573,45.988253863026145,0.0,20.0,15.0,10.0,1.0038468623968628,50.023081174381176,0.7693724793725494,True,False,True
74,dos_delay_attack,dos_delay,False,0.0,11.411141718680387,11.411141718680387,55.5826651856805,59.0083037420821,45.5826651856805,0.0,20.0,15.0,10.0,1.0041423826649993,50.024854295989996,0.8284765329998862,True,False,True
75,dos_delay_attack,dos_delay,False,0.0,8.942486141820424,8.942486141820424,57.78021246565559,55.988253863026145,43.4808626541969,4.607098803207705,20.0,14.53837651237647,9.692251008250981,0.9769645059839615,49.86178703590377,-4.607098803207705,True,False,True
76,dos_delay_attack,dos_delay,False,0.0,10.996949819339324,10.996949819339324,55.14748211975002,55.5826651856805,45.47887273294998,0.0,20.0,14.502914080200068,9.668609386800046,1.0001049558329471,50.00062973499768,0.020991166589411137,True,False,True
77,dos_delay_attack,dos_delay,False,2.0524478147266487,11.049584031178158,13.102031845904808,54.511284141173036,57.78021246565559,44.511284141173036,0.0,20.0,15.0,10.0,1.0179537385236588,50.10772243114195,3.5907477047317684,True,False,True
78,dos_delay_attack,dos_delay,False,0.6629125255299906,8.630599605896087,9.293512131426077,53.92572627554214,55.14748211975002,43.783831511672496,0.4816818437053598,20.0,14.49031938024642,9.660212920164282,0.9975915907814732,49.98554954468884,-0.4816818437053598,True,False,True
79,dos_delay_attack,dos_delay,False,1.2554784907281604,10.870474224254707,12.125952714982867,55.83117270559658,54.511284141173036,44.9715040921438,2.2959676953454817,20.0,12.84555137716094,8.563700918107292,0.9885201615232726,49.931120969139634,-2.2959676953454817,True,False,True
80,dos_delay_attack,dos_delay,False,2.212037881395367,8.696977231543046,10.909015112938413,56.16048527501874,53.92572627554214,45.68834359940805,0.6192560179642683,20.0,14.779328486469637,9.852885657646425,0.9969037199101787,49.981422319461075,-0.6192560179642683,True,False,True
81,dos_delay_attack,dos_delay,False,0.0,7.089095653076661,7.089095653076661,54.17513364129061,55.83117270559658,41.312227647444885,3.380817997600232,20.0,14.223131994368227,9.482087996245486,0.9830959100119988,49.898575460071996,-3.380817997600232,True,False,True
82,dos_delay_attack,dos_delay,False,0.0,7.280332653941341,7.280332653941341,54.185917701620504,56.16048527501874,42.28033265394134,1.9055850476791605,20.0,15.0,10.0,0.9904720747616041,49.942832448569625,-1.9055850476791605,True,False,True
83,dos_delay_attack,dos_delay,False,1.2167882926263491,6.781797314644726,7.9985856072710755,51.559249330484285,54.17513364129061,41.559249330484285,0.0,20.0,15.0,10.0,1.007196681383934,50.0431800883036,1.4393362767867899,True,False,True
84,dos_delay_attack,dos_delay,False,2.2903118824148736,10.56383324773848,12.854145130153352,53.262901353185185,54.185917701620504,43.262901353185185,0.0,20.0,15.0,10.0,1.022956218884841,50.137737313309046,4.59124377696817,True,False,True
85,dos_delay_attack,dos_delay,False,0.0,7.714709392446387,7.714709392446387,51.960391086185524,51.559249330484285,41.851107626374315,0.6850179705259265,20.0,14.136398233927926,9.424265489285284,0.9965749101473703,49.979449460884226,-0.6850179705259265,True,False,True
86,dos_delay_attack,dos_delay,False,2.2421606691627947,11.420890521625385,13.66305119078818,53.923404987797,53.262901353185185,45.75990249858427,0.0,20.0,12.245253733819098,8.163502489212732,1.0007420121301152,50.00445207278069,0.14840242602301146,True,False,True
87,dos_delay_attack,dos_delay,False,2.5135748595602134,8.956801754570481,11.470376614130695,53.298413785048666,51.960391086185524,43.600141107553014,0.0,20.0,14.547409016243481,9.698272677495655,1.012088222614106,50.072529335684635,2.4176445228211634,True,False,True
88,dos_delay_attack,dos_delay,False,0.0,10.439141705474286,10.439141705474286,50.83083414264267,53.923404987797,42.59535398367957,0.1313386401595693,20.0,12.15621227820529,8.104141518803528,0.9993433067992021,49.99605984079521,-0.1313386401595693,True,False,True
89,dos_delay_attack,dos_delay,False,0.0,9.680176320693167,9.680176320693167,51.54934731438685,53.298413785048666,42.776998623243955,0.04113382277570565,20.0,13.096822302550784,8.73121486836719,0.9997943308861215,49.99876598531673,-0.04113382277570565,True,False,True
90,dos_delay_attack,dos_delay,False,0.0,5.38430345195715,5.38430345195715,51.58960201965431,50.83083414264267,37.61931891425819,5.813606130528768,20.0,12.235015462301032,8.156676974867356,0.9709319693473561,49.825591816084135,-5.813606130528768,True,False,True
91,dos_delay_attack,dos_delay,False,1.7527244654617347,8.415806250894047,10.168530716355782,52.14527748895107,51.54934731438685,43.29003331257199,0.10757577890160519,20.0,13.121502596216212,8.747668397477474,0.9994621211054919,49.996772726632955,-0.10757577890160519,True,False,True
92,dos_delay_attack,dos_delay,False,0.0,9.370220108385498,9.370220108385498,48.78746962272027,51.58960201965431,38.78746962272027,0.0,20.0,15.0,10.0,1.0279137524283262,50.167482514569954,5.582750485665223,True,False,True
93,dos_delay_attack,dos_delay,False,0.0,10.548971279194955,10.548971279194955,48.29213517988316,52.14527748895107,39.50143647084504,0.0,20.0,13.186048063557175,8.790698709038116,1.0211679143595354,50.12700748615721,4.233582871907089,True,False,True
94,dos_delay_attack,dos_delay,False,0.0,7.48803775686332,7.48803775686332,48.81995749120224,48.78746962272027,39.138387465464184,1.9146702200041403,20.0,11.650349708600865,7.766899805733912,0.9904266488999793,49.942559893399874,-1.9146702200041403,True,False,True
95,dos_delay_attack,dos_delay,False,0.3607924588089939,9.123977455493632,9.484769914302627,49.656589934516944,48.29213517988316,40.130668254715545,2.428656119526117,20.0,10.645898340412922,7.0972655602752805,0.9878567194023694,49.92714031641422,-2.428656119526117,True,False,True
96,dos_delay_attack,dos_delay,False,0.7518289493772121,6.322831320219993,7.074660269597205,48.599690044634045,48.81995749120224,39.873812110200554,0.19311004069792403,20.0,12.79915184060335,8.532767893735567,0.9990344497965103,49.99420669877906,-0.19311004069792403,True,False,True
97,dos_delay_attack,dos_delay,False,1.6052139164475872,8.145201495278766,9.750415411726353,49.9482978760831,49.656589934516944,41.85350742385494,0.02606244414243264,20.0,12.103092012128592,8.068728008085728,0.9998696877792879,49.99921812667573,-0.02606244414243264,True,False,True
98,dos_delay_attack,dos_delay,False,2.570457545132954,8.04667201741439,10.617129562547344,48.568109604403254,48.599690044634045,39.95809769438851,0.0,20.0,12.915017865022104,8.610011910014737,1.0178702486659046,50.107221491995425,3.574049733180935,True,False,True
99,dos_delay_attack,dos_delay,False,2.151111269362705,6.824482912200438,8.975594181563142,47.44846255034234,49.9482978760831,39.36930956459964,0.0,20.0,12.118729478614052,8.0791529857427,1.0086250704778879,50.05175042286733,1.7250140955775564,True,False,True
100,dos_delay_attack,dos_delay,False,0.0,6.094857251390251,6.094857251390251,47.434787213174175,48.568109604403254,36.8654452765038,3.3889499199280095,20.0,10.770588025113549,7.180392016742365,0.9830552504003599,49.89833150240216,-3.3889499199280095,True,False,True
101,dos_delay_attack,dos_delay,False,0.0,7.607968704286288,7.607968704286288,47.83888663309159,47.44846255034234,38.69168972555381,1.7580495600261017,20.0,11.083721021267522,7.389147347511681,0.9912097521998695,49.947258513199216,-1.7580495600261017,True,False,True
102,dos_delay_attack,dos_delay,False,0.011146729734322847,6.2564996094532255,6.267646339187548,48.88180026804653,47.434787213174175,39.071604316257904,1.2742239670750592,20.0,12.803957977070354,8.53597198471357,0.9936288801646247,49.96177328098775,-1.2742239670750592,True,False,True
103,dos_delay_attack,dos_delay,False,0.0,9.598729755542877,9.598729755542877,47.738486138440194,47.83888663309159,39.646118966918074,0.0,20.0,12.138550757283182,8.092367171522122,1.01045580772954,50.06273484637724,2.091161545907987,True,False,True
104,dos_delay_attack,dos_delay,False,2.5245808840803843,11.532346186396278,14.056927070476663,45.79911814286353,48.88180026804653,36.75345657131993,0.0,20.0,13.568492357315389,9.045661571543594,1.0543598142823607,50.32615888569416,10.871962856472123,True,False,True
105,dos_delay_attack,dos_delay,False,0.8236574663532799,6.425445771716532,7.249103238069813,44.58937020692485,47.738486138440194,37.33346765376592,0.0,20.0,10.88385382973839,7.255902553158927,1.0039974470702113,50.02398468242127,0.7994894140422844,True,False,True
106,dos_delay_attack,dos_delay,False,0.0,10.12403151816274,10.12403151816274,47.71026975304187,45.79911814286353,36.787472018967705,5.8440471624922665,19.045314643432118,7.618125857372849,5.0787505715818995,0.9707797641875386,49.824678585125234,-5.8440471624922665,True,False,True
107,dos_delay_attack,dos_delay,False,2.2454879295891885,8.405694100747668,10.651182030336857,44.931394216120985,44.58937020692485,37.99528742857897,0.0,20.0,10.404160181313019,6.936106787542014,1.0153002739153545,50.091801643492126,3.0600547830709033,True,False,True
108,dos_delay_attack,dos_delay,False,0.0,10.226485044088388,10.226485044088388,45.11117246371698,47.71026975304187,38.07667716976533,0.0,20.0,10.551742940927479,7.034495293951654,1.0135077540762527,50.08104652445751,2.7015508152505348,True,False,True
109,dos_delay_attack,dos_delay,False,0.0,11.5233199998215,11.5233199998215,46.60521704846887,44.931394216120985,40.09144731129198,0.8016848628632403,20.0,8.568127311470478,5.712084874313652,0.9959915756856837,49.9759494541141,-0.8016848628632403,True,False,True
110,dos_delay_attack,dos_delay,False,0.0,7.332412734970259,7.332412734970259,44.43721355464333,45.11117246371698,36.26322518674741,2.2201134000444753,20.0,8.930812451777154,5.953874967851437,0.9888994329997777,49.933396597998666,-2.2201134000444753,True,False,True
111,dos_delay_attack,dos_delay,False,0.0,12.29867266229559,12.29867266229559,44.97918188744603,46.60521704846887,38.946423067987084,0.0,20.0,9.049138229188426,6.032758819458952,1.0120069391174846,50.07204163470491,2.4013878234969326,True,False,True
112,dos_delay_attack,dos_delay,False,0.0,10.97242324754415,10.97242324754415,46.21693012628633,44.43721355464333,39.375009798417096,0.0,20.0,10.262880491803843,6.84192032786923,1.0093014697046545,50.05580881822792,1.8602939409308945,True,False,True
113,dos_delay_attack,dos_delay,False,0.0806756443081551,12.444547691198917,12.525223335507071,43.31535279787196,44.97918188744603,38.08647132184789,0.0,19.608305535090267,7.843322214036107,5.228881476024071,1.0094518988139278,50.056711392883564,1.8903797627855567,True,False,True
114,dos_delay_attack,dos_delay,False,2.515238158765861,11.1759425441021,13.69118070286796,45.72421795707647,46.21693012628633,39.6264152055796,0.0,20.0,9.146704127245307,6.097802751496872,1.0160573481226685,50.09634408873601,3.2114696245336702,True,False,True
115,dos_delay_attack,dos_delay,False,0.020632444835766428,12.538345674183526,12.558978119019294,46.55236623607494,43.31535279787196,38.4226868674058,3.2032586546907567,18.474077677418933,7.389631070967573,4.926420713978382,0.9839837067265462,49.90390224035928,-3.2032586546907567,True,False,True
116,dos_delay_attack,dos_delay,False,1.6923784868552723,13.108815521253984,14.801194008109256,44.48769387719904,45.72421795707647,39.36240791652568,0.0,19.219822352525103,7.687928941010043,5.125285960673363,1.0117326869255936,50.070396121553564,2.3465373851187223,True,False,True
117,dos_delay_attack,dos_delay,False,0.8384682626582536,13.777362167227746,14.615830429886,46.663505203021785,46.55236623607494,41.066149956199524,0.0,20.0,8.396032870233386,5.597355246822259,1.0097285667195992,50.0583714003176,1.9457133439198628,True,False,True
118,dos_delay_attack,dos_delay,False,1.37574541732182,9.661668701716044,11.037414119037864,45.59561401153519,44.48769387719904,35.974074009073284,4.871700023407541,17.811899921453872,7.124759968581548,4.749839979054366,0.9756414998829623,49.853848999297774,-4.871700023407541,True,False,True
119,dos_delay_attack,dos_delay,False,0.0,9.048660607872133,9.048660607872133,46.236671888470916,46.663505203021785,35.96870741730619,5.140336507462997,19.22860486388147,7.6914419455525875,5.127627963701726,0.974298317462685,49.84578990477611,-5.140336507462997,True,False,True
120,dos_delay_attack,dos_delay,False,0.7890870364805753,13.46989611155027,14.258983148030845,46.04153778070862,45.59561401153519,40.21825782370969,0.0,20.0,8.734919935498397,5.823279956998931,1.0138782262990977,50.083269357794585,2.775645259819548,True,False,True
121,dos_delay_attack,dos_delay,False,1.1758875409689113,11.26952724711547,12.445414788084381,45.582943406311465,46.236671888470916,38.70773889407195,0.0,20.0,10.312806768359271,6.875204512239515,1.0202524133118585,50.12151447987115,4.050482662371699,True,False,True
122,dos_delay_attack,dos_delay,False,1.044187593868131,14.032131362926776,15.076318956794907,44.860670001697024,46.04153778070862,39.775461260468575,0.0,19.069532779606668,7.627813111842666,5.0852087412284455,1.0099910179388782,50.05994610763327,1.998203587775663,True,False,True
123,dos_delay_attack,dos_delay,False,5.606296879356375,11.753343488308857,17.359640367665232,43.95252814142208,45.582943406311465,38.65052356250575,0.0,19.882517170936246,7.9530068683745,5.302004578916334,1.032723204222351,50.19633922533411,6.54464084447023,True,False,True
124,dos_delay_attack,dos_delay,False,7.178533117417211,10.68400761256531,17.86254072998252,47.0895535592141,44.860670001697024,42.324057392029765,0.0,17.870610626941268,7.148244250776509,4.76549616718434,1.0027866910783527,50.016720146470114,0.5573382156705264,True,False,True
125,dos_delay_attack,dos_delay,False,4.994220819257578,13.434629344943959,18.428850164201535,46.847482088568306,43.95252814142208,40.76687589415729,1.8257441506099212,15.955732664254107,6.382293065701643,4.254862043801096,0.9908712792469504,49.9452276754817,-1.8257441506099212,True,False,True
126,dos_delay_attack,dos_delay,False,9.905609775479823,16.62270470405562,26.528314479535446,46.52923356556086,47.0895535592141,41.85291151288381,0.0,17.53620769753895,7.014483079015581,4.676322052677054,1.0461304687160309,50.27678281229618,9.226093743206171,True,False,True
127,dos_delay_attack,dos_delay,False,9.218243091947459,17.274436177698973,26.49267926964643,43.802337028219256,46.847482088568306,39.255355920320575,0.0,17.051179154620062,6.820471661848026,4.5469811078986835,1.0555448708289696,50.33326922497382,11.108974165793938,True,False,True
128,dos_delay_attack,dos_delay,False,14.32013311138751,11.72669323663189,26.0468263480194,45.838242386649725,46.52923356556086,42.638095332885655,0.0,12.000551451615246,4.8002205806461,3.2001470537640664,1.0010475152369755,50.00628509142185,0.20950304739508852,True,False,True
129,dos_delay_attack,dos_delay,False,14.049923161067372,15.402126809574696,29.45204997064207,45.933805669177225,43.802337028219256,43.16426042780557,0.0,10.385794655143695,4.1543178620574785,2.7695452413716524,1.0041395103001884,50.02483706180113,0.8279020600376725,True,False,True
130,dos_delay_attack,dos_delay,False,16.088138760820154,18.28874355998873,34.37688232080889,47.577898377715606,45.838242386649725,44.41127181153475,0.0,11.874849623178195,4.749939849271278,3.1666265661808515,1.032951999908618,50.197711999451705,6.590399981723607,True,False,True
131,dos_delay_attack,dos_delay,False,18.352338265000178,14.208348865834312,32.56068713083449,44.38667867896463,45.933805669177225,41.749597767199006,0.0,9.889053419121094,3.9556213676484373,2.6370809117656253,1.0232788207520251,50.13967292451215,4.6557641504050125,True,False,True
132,dos_delay_attack,dos_delay,False,15.675583896327995,16.889432686262243,32.56501658259024,47.39181862891589,47.577898377715606,43.65387007039188,1.6257859894189366,7.9206096341440295,3.168243853657612,2.112162569105075,0.9918710700529053,49.95122642031743,-1.6257859894189366,True,False,True
133,dos_delay_attack,dos_delay,False,19.95918113614985,18.440265164352404,38.399446300502255,47.85253507440003,44.38667867896463,45.960376426699206,0.0,7.095594928878084,2.838237971551234,1.8921586477008225,1.011864513871162,50.071187083226974,2.3729027742323723,True,False,True
134,dos_delay_attack,dos_delay,False,22.161801972125833,13.667192667655097,35.82899463978093,48.31868862412373,47.39181862891589,45.94640029671162,0.0,8.896081227795392,3.5584324911181566,2.3722883274121047,1.0116855403099143,50.07011324185949,2.3371080619828533,True,False,True
135,dos_delay_attack,dos_delay,False,23.141432879454577,17.77576416738573,40.91719704684031,48.34502330755547,47.85253507440003,46.83252910373183,0.0,5.671853264338665,2.268741305735466,1.512494203823644,1.010126312565913,50.06075787539548,2.0252625131826107,True,False,True
136,dos_delay_attack,dos_delay,False,21.212753230445074,15.330861351624431,36.54361458206951,46.566927439571856,48.31868862412373,44.56857640207701,0.0,7.49381639060568,2.997526556242272,1.998351037494848,1.0123319056342022,50.07399143380521,2.466381126840453,True,False,True
137,dos_delay_attack,dos_delay,False,24.95099579483827,17.88013317467734,42.83112896951561,46.210720454968126,48.34502330755547,45.0222682532537,0.0,4.456695756429099,1.7826783025716395,1.1884522017144263,1.0202411738763133,50.12144704325788,4.0482347752626495,True,False,True
138,dos_delay_attack,dos_delay,False,23.675728475074344,20.335994674891044,44.01172314996539,46.69238253417602,46.566927439571856,45.088652476975646,0.0,6.0139877145014085,2.405595085800563,1.6037300572003756,1.0367132673664585,50.22027960419875,7.342653473291719,True,False,True
139,dos_delay_attack,dos_delay,False,26.992787492399714,19.133443971463173,46.12623146386289,50.09326989571835,46.210720454968126,48.965088311642994,0.5874469464029559,2.027754891271509,0.8111019565086037,0.5407346376724025,0.9970627652679852,49.98237659160791,-0.5874469464029559,True,False,True
140,dos_delay_attack,dos_delay,False,25.116723955683568,19.245769334300427,44.362493289983995,48.78161295047765,46.69238253417602,46.61424717272092,1.7384602762830283,1.608395630526377,0.6433582522105507,0.42890550147370055,0.9913076986185848,49.94784619171151,-1.7384602762830283,True,False,True
141,dos_delay_attack,dos_delay,False,23.8437833518114,18.05749238621779,41.901275738029184,47.062968957799875,50.09326989571835,45.23358802078777,1.1946547879152263,2.3802230591132783,0.9520892236453113,0.6347261490968743,0.9940267260604239,49.96416035636254,-1.1946547879152263,True,False,True
142,dos_delay_attack,dos_delay,False,29.248133965279763,17.433917081925642,46.682051047205405,50.80482267979168,48.78161295047765,50.097763534112694,0.0,2.651471796296194,1.0605887185184775,0.7070591456789852,1.0014817401395368,50.00889044083722,0.2963480279073778,True,False,True
143,dos_delay_attack,dos_delay,False,30.283162045399344,15.8358861456417,46.119048191041045,47.80121377025694,47.062968957799875,46.975342855093636,0.0,3.097015931862414,1.2388063727449656,0.8258709151633103,1.017397638202774,50.104385829216646,3.4795276405547924,True,False,True
144,dos_delay_attack,dos_delay,False,27.543578700665666,18.07380903543774,45.61738773610341,48.40032275459082,50.80482267979168,47.74067929337701,0.0,2.473662979551763,0.9894651918207051,0.6596434612138036,1.0066991830704943,50.04019509842296,1.3398366140988642,True,False,True
145,dos_delay_attack,dos_delay,False,31.551242084194936,17.61876536110959,49.17000744530452,49.25105736372714,47.80121377025694,48.9819108710526,0.0,1.0092993475295386,0.4037197390118155,0.26914649267454366,1.0080055783039663,50.0480334698238,1.6011156607932762,True,False,True
146,dos_delay_attack,dos_delay,False,28.656922406402437,19.226920697589534,47.88384310399197,49.72466084355007,48.40032275459082,49.27939124059208,0.0,1.6697610110924443,0.6679044044369777,0.44526960295798523,1.0047105863946466,50.02826351836788,0.9421172789293095,True,False,True
147,dos_delay_attack,dos_delay,False,30.691548764153264,19.172806419617363,49.86435518377063,50.98255093300017,49.25105736372714,49.93243711524563,1.0371458308069208,0.04862995105357299,0.0194519804214292,0.012967986947619466,0.9948142708459654,49.96888562507579,-1.0371458308069208,True,False,True
148,dos_delay_attack,dos_delay,False,32.389489550054684,20.406887184436115,52.7963767344908,53.04036182348067,49.72466084355007,52.74583098515138,0.0,1.1044906437348587,0.4417962574939434,0.29453083832929566,1.007984163252841,50.04790497951705,1.596832650568217,True,False,True
149,dos_delay_attack,dos_delay,False,27.53661237294789,21.08692357252485,48.62353594547274,51.23854057952206,50.98255093300017,49.562820374825556,1.496808884819778,0.6709174495377255,0.26836697981509017,0.17891131987672682,0.9925159555759011,49.95509573345541,-1.496808884819778,True,False,True
150,dos_delay_attack,dos_delay,False,31.085772488917137,22.622004808434514,53.707777297351655,51.03469366497906,53.04036182348067,50.99565605074068,0.0,0.14639105339392414,0.058556421357569666,0.039037614238379786,1.0145853436068124,50.08751206164087,2.917068721362476,True,False,True
151,dos_delay_attack,dos_delay,False,30.887406322746767,16.81926626878726,47.70667259153403,51.68044494541883,51.23854057952206,49.90327648413546,1.3587677198354768,1.5690027804295923,0.6276011121718369,0.4184007414478913,0.9932061614008226,49.95923696840494,-1.3587677198354768,True,False,True
152,dos_delay_attack,dos_delay,False,30.425220572331273,21.788191288496975,52.213411860828245,53.43144777087826,51.03469366497906,52.213411860828245,1.2180359100500127,0.0,0.0,0.0,0.99390982044975,49.9634589226985,-1.2180359100500127,True,False,True
153,dos_delay_attack,dos_delay,False,27.733697725961747,20.69263587377774,48.426333599739486,51.500174419949666,51.68044494541883,50.864370843328096,0.0,2.384263412330878,0.9537053649323515,0.6358035766215677,1.0044996576683731,50.02699794601024,0.899931533674625,True,False,True
154,dos_delay_attack,dos_delay,False,26.61010764455227,17.1244018969428,43.73450954149507,54.24201243291001,53.43144777087826,44.75765970593708,9.289466981364924,0.7308215460300076,0.292328618412003,0.19488574560800204,0.9535526650931754,49.72131599055905,-9.289466981364924,True,False,True
155,dos_delay_attack,dos_delay,False,30.073651373442274,21.834742559836595,51.90839393327887,55.65001879149545,51.500174419949666,54.49042022225542,0.6677840380063955,1.8443044921261076,0.7377217968504431,0.4918145312336287,0.996661079809968,49.97996647885981,-0.6677840380063955,True,False,True
156,dos_delay_attack,dos_delay,False,26.003542016023154,21.506411857631132,47.50995387365428,54.09687120793411,54.24201243291001,52.415670745307715,0.0,6.304501734848962,2.5218006939395847,1.6812004626263901,1.0196029277856755,50.11761756671405,3.9205855571351123,True,False,True
157,dos_delay_attack,dos_delay,False,26.140364993875004,18.875219586710486,45.01558458058549,53.63162706466344,55.65001879149545,48.15854946148742,4.874417625861369,2.2449749149299447,0.8979899659719781,0.5986599773146521,0.9756279118706932,49.85376747122416,-4.874417625861369,True,False,True
158,dos_delay_attack,dos_delay,False,29.080570437608166,22.796366407594167,51.87693684520234,53.66861332535644,54.09687120793411,52.61470655187167,0.0,3.952150400567895,1.580860160227158,1.053906773484772,1.0239762042706286,50.14385722562377,4.795240854125723,True,False,True
159,dos_delay_attack,dos_delay,False,27.294655622017896,21.814214000887194,49.10886962290509,54.095158370602384,53.63162706466344,52.71659157314991,0.0,5.16962549044677,2.0678501961787084,1.3785667974524727,1.0181487686819033,50.10889261209142,3.629753736380657,True,False,True
160,dos_delay_attack,dos_delay,False,25.16390010974029,18.00595937674782,43.16985948648811,56.4151878230873,53.66861332535644,44.67486772981756,11.453651856445092,1.0750058880924611,0.43000235523698455,0.2866682368246564,0.9427317407177745,49.656390444306645,-11.453651856445092,True,False,True
161,dos_delay_attack,dos_delay,False,22.667472870038143,18.83828137740549,41.50575424744363,55.945755658930686,54.095158370602384,45.69423679550936,9.453712663789759,2.9917732486183763,1.1967092994473507,0.7978061996315673,0.9527314366810512,49.716388620086306,-9.453712663789759,True,False,True
162,dos_delay_attack,dos_delay,False,22.049502467878135,20.20461673206949,42.254119199947624,56.226547117170156,56.4151878230873,53.38019500269095,0.7270995806233387,7.947197001959516,3.1788788007838065,2.119252533855871,0.9963645020968833,49.9781870125813,-0.7270995806233387,True,False,True
163,dos_delay_attack,dos_delay,False,20.970977956414867,18.873033475989907,39.84401143240477,56.339323704933044,55.945755658930686,51.97361261805389,2.055310861041221,8.66400084689223,3.4656003387568934,2.310400225837929,0.9897234456947939,49.938340674168764,-2.055310861041221,True,False,True
164,dos_delay_attack,dos_delay,False,19.40941024580258,19.32629546723931,38.73570571304189,56.4036605186614,56.226547117170156,50.47254516350881,3.6955268883969765,8.383456750333519,3.353382700133408,2.2355884667556056,0.9815223655580151,49.88913419334809,-3.6955268883969765,True,False,True
165,dos_delay_attack,dos_delay,False,19.232365211412393,18.197922969423747,37.43028818083614,59.125349849970625,56.339323704933044,51.28635048975989,5.199749396606215,9.897187363516965,3.9588749454067855,2.6392499636045237,0.9740012530169689,49.84400751810181,-5.199749396606215,True,False,True
166,dos_delay_attack,dos_delay,False,17.10487717693048,21.624133522548206,38.729010699478685,57.68820230153423,56.4036605186614,53.57009273619907,1.2912367964360385,10.600772883371706,4.240309153348682,2.826872768899121,0.9935438160178198,49.961262896106916,-1.2912367964360385,True,False,True
167,dos_delay_attack,dos_delay,False,18.28974077153124,19.202787072062456,37.49252784359369,59.26493035640615,59.125349849970625,55.716379645666656,0.07734084367797323,13.01703700148069,5.206814800592276,3.471209867061517,0.9996132957816102,49.99767977468966,-0.07734084367797323,True,False,True
168,dos_delay_attack,dos_delay,False,15.837391926352597,21.031515627810677,36.86890755416327,60.398084222827954,57.68820230153423,52.79462849988993,4.569985066609135,11.375514961233328,4.550205984493331,3.0334706563288876,0.9771500746669544,49.862900448001724,-4.569985066609135,True,False,True
169,dos_delay_attack,dos_delay,False,17.1498732611973,19.443233729085264,36.593106990282564,59.79887269607306,59.26493035640615,54.88192510104503,1.4333631929780424,13.063441507687473,5.225376603074989,3.483584402049993,0.9928331840351098,49.95699910421066,-1.4333631929780424,True,False,True
170,dos_delay_attack,dos_delay,False,15.875553073143953,15.988335181568658,31.863888254712613,60.807624970714436,60.398084222827954,51.62839665639095,5.41456004733714,14.117506001198809,5.647002400479524,3.76466826698635,0.9729271997633143,49.837563198579886,-5.41456004733714,True,False,True
171,dos_delay_attack,dos_delay,False,13.19347081550764,16.693049230275548,29.886520045783186,62.04130935704778,59.79887269607306,49.3793632386472,8.949023605474096,13.923459423474299,5.569383769389719,3.71292251292648,0.9552548819726295,49.73152929183578,-8.949023605474096,True,False,True
172,dos_delay_attack,dos_delay,False,10.131686565511924,19.75661657492522,29.888303140437145,60.2720667410959,60.807624970714436,54.20104198187868,1.4400268846569233,17.366242029601093,6.946496811840437,4.630997874560292,0.9927998655767154,49.95679919346029,-1.4400268846569233,True,False,True
173,dos_delay_attack,dos_delay,False,10.037277705599575,17.319322429778286,27.35660013537786,61.74437608071331,62.04130935704778,54.36662315684012,2.232986634070855,19.292873586758756,7.717149434703503,5.144766289802336,0.9888350668296457,49.93301040097788,-2.232986634070855,True,False,True
174,dos_delay_attack,dos_delay,False,7.465196937551489,16.573279843179037,24.038476780730527,62.75818530145847,60.2720667410959,49.56083820528388,8.335944920069188,18.230258160395252,7.292103264158101,4.8614021761054005,0.958320275399654,49.74992165239792,-8.335944920069188,True,False,True
175,dos_delay_attack,dos_delay,False,7.223828769976154,18.023397354175426,25.24722612415158,62.862917671230804,61.74437608071331,53.87989169135285,3.2279156017437742,20.0,8.632665567201268,5.75511037813418,0.9838604219912811,49.903162531947686,-3.2279156017437742,True,False,True
176,dos_delay_attack,dos_delay,False,5.992744146350535,14.592972368298602,20.585716514649135,62.52775397144622,62.75818530145847,51.8175416270859,3.2223289360691396,20.0,11.231825112436765,7.487883408291177,0.9838883553196544,49.903330131917926,-3.2223289360691396,True,False,True
177,dos_delay_attack,dos_delay,False,5.255189071795993,15.376921434073953,20.632110505869946,60.21506069959036,62.862917671230804,51.20152543411748,1.9672586466411914,20.0,10.569414928247534,7.046276618831689,0.990163706766794,49.94098224060077,-1.9672586466411914,True,False,True
178,dos_delay_attack,dos_delay,False,5.8693339477638276,19.50962598841561,25.378959936179438,62.77487309932951,62.52775397144622,53.99805811661068,0.0,20.0,13.165222474078249,8.776814982718832,1.022730621468235,50.13638372880941,4.546124293647011,True,False,True
179,dos_delay_attack,dos_delay,False,3.2980376690780795,19.737775084412156,23.035812753490237,63.15432731069442,60.21506069959036,54.78558286972248,0.5355643634837719,20.0,11.749770116232249,7.833180077488166,0.9973221781825812,49.983933069095485,-0.5355643634837719,True,False,True
180,dos_delay_attack,dos_delay,False,0.0,14.120758414318454,14.120758414318454,61.621693696662454,62.77487309932951,44.558306312208494,10.105022119193933,20.0,10.437547897890042,6.958365265260028,0.9494748894040304,49.69684933642418,-10.105022119193933,True,False,True
181,dos_delay_attack,dos_delay,False,0.11029595020270389,15.712217859615274,15.822513809817977,64.27413589150386,63.15432731069442,47.893622544140484,8.333107524481704,20.0,12.071108734322507,8.047405822881672,0.9583344623775915,49.75000677426555,-8.333107524481704,True,False,True
182,dos_delay_attack,dos_delay,False,0.0,16.371983826192174,16.371983826192174,65.21109485496842,61.621693696662454,51.37198382619218,3.8391110287762444,20.0,15.0,10.0,0.9808044448561187,49.884826669136714,-3.8391110287762444,True,False,True
183,dos_delay_attack,dos_delay,False,0.0,17.19543607007961,17.19543607007961,63.282593367341136,64.27413589150386,52.19543607007961,1.0871572972615269,20.0,15.0,10.0,0.9945642135136924,49.96738528108215,-1.0871572972615269,True,False,True
184,dos_delay_attack,dos_delay,False,2.932588805736456,17.504175558726896,20.43676436446335,62.75717870811434,65.21109485496842,52.75717870811434,0.0,20.0,15.0,10.0,1.0133979282817451,50.08038756969047,2.679585656349012,True,False,True
185,dos_delay_attack,dos_delay,False,2.8768741369723774,12.843559530207802,15.72043366718018,65.77203873147425,63.282593367341136,50.72043366718018,5.051605064294073,20.0,15.0,10.0,0.9747419746785296,49.84845184807118,-5.051605064294073,True,False,True
186,dos_delay_attack,dos_delay,False,0.0,12.545285191174091,12.545285191174091,65.72488716062026,62.75717870811434,45.93753379736468,10.85918762579518,20.0,13.392248606190593,8.928165737460395,0.9457040618710241,49.674224371226146,-10.85918762579518,True,False,True
187,dos_delay_attack,dos_delay,False,0.0,13.480816772853299,13.480816772853299,64.51281452862142,65.77203873147425,48.4808167728533,6.031997755768117,20.0,15.0,10.0,0.9698400112211594,49.81904006732696,-6.031997755768117,True,False,True
188,dos_delay_attack,dos_delay,False,0.0,13.993395996098986,13.993395996098986,64.75471688975006,65.72488716062026,48.99339599609898,5.7613208936510745,20.0,15.0,10.0,0.9711933955317447,49.827160373190466,-5.7613208936510745,True,False,True
189,dos_delay_attack,dos_delay,False,0.06361347258033634,15.851100326313652,15.914713798893988,64.08909532190528,64.51281452862142,50.914713798893985,3.1743815230112915,20.0,15.0,10.0,0.9841280923849436,49.90476855430966,-3.1743815230112915,True,False,True
190,dos_delay_attack,dos_delay,False,0.0,11.251615186279471,11.251615186279471,63.6177410166435,64.75471688975006,46.25161518627947,7.366125830364027,20.0,15.0,10.0,0.9631693708481799,49.77901622508908,-7.366125830364027,True,False,True
191,dos_delay_attack,dos_delay,False,0.00038123853782012773,16.012916747659588,16.013297986197408,64.81139581599041,64.08909532190528,51.01329798619741,3.798097829793001,20.0,15.0,10.0,0.981009510851035,49.88605706510621,-3.798097829793001,True,False,True
192,dos_delay_attack,dos_delay,False,0.0,15.74113588092452,15.74113588092452,63.077940180550776,63.6177410166435,50.74113588092452,2.336804299626259,20.0,15.0,10.0,0.9883159785018687,49.92989587101121,-2.336804299626259,True,False,True
193,dos_delay_attack,dos_delay,False,0.0,15.245170663126698,15.245170663126698,66.59514499759004,64.81139581599041,50.2451706631267,6.34997433446334,20.0,15.0,10.0,0.9682501283276833,49.8095007699661,-6.34997433446334,True,False,True
194,dos_delay_attack,dos_delay,False,2.940811944520293,13.568718656701867,16.50953060122216,64.4942829523626,63.077940180550776,51.50953060122216,2.984752351140436,20.0,15.0,10.0,0.9850762382442978,49.91045742946579,-2.984752351140436,True,False,True
195,dos_delay_attack,dos_delay,False,0.0,9.341392084882951,9.341392084882951,63.57774751368325,66.59514499759004,44.341392084882955,9.236355428800294,20.0,15.0,10.0,0.9538182228559985,49.72290933713599,-9.236355428800294,True,False,True
196,dos_delay_attack,dos_delay,False,0.0,14.719623377221406,14.719623377221406,64.14982779276863,64.4942829523626,49.71962337722141,4.430204415547223,20.0,15.0,10.0,0.9778489779222639,49.86709386753358,-4.430204415547223,True,False,True
197,dos_delay_attack,dos_delay,False,0.0,13.547305040046922,13.547305040046922,65.47780336775479,63.57774751368325,48.54730504004692,6.930498327707866,20.0,15.0,10.0,0.9653475083614607,49.792085050168765,-6.930498327707866,True,False,True
198,dos_delay_attack,dos_delay,False,0.0,9.953547179047085,9.953547179047085,63.96474808460277,64.14982779276863,44.953547179047085,9.011200905555683,20.0,15.0,10.0,0.9549439954722216,49.72966397283333,-9.011200905555683,True,False,True
199,dos_delay_attack,dos_delay,False,0.0,9.182958143307108,9.182958143307108,63.73660915943693,65.47780336775479,44.182958143307104,9.553651016129827,20.0,15.0,10.0,0.9522317449193509,49.713390469516106,-9.553651016129827,True,False,True
200,dos_delay_attack,dos_delay,False,0.0,7.914885482999952,7.914885482999952,63.68647984265604,63.96474808460277,42.91488548299995,10.771594359656092,20.0,15.0,10.0,0.9461420282017196,49.67685216921032,-10.771594359656092,True,False,True
201,dos_delay_attack,dos_delay,False,0.8863871663860987,8.953574228261742,9.83996139464784,63.657837472803465,63.73660915943693,44.839961394647844,8.81787607815562,20.0,15.0,10.0,0.9559106196092219,49.73546371765533,-8.81787607815562,True,False,True
202,dos_delay_attack,dos_delay,False,0.36706614215629285,11.167207445619066,11.53427358777536,63.57714964498002,63.68647984265604,46.53427358777536,7.0428760572046585,20.0,15.0,10.0,0.9647856197139767,49.78871371828386,-7.0428760572046585,True,False,True
203,dos_delay_attack,dos_delay,False,2.477574547930514,7.559430980364645,10.03700552829516,66.3140056720976,63.657837472803465,45.03700552829516,11.277000143802432,20.0,15.0,10.0,0.9436149992809878,49.661689995685926,-11.277000143802432,True,False,True
204,dos_delay_attack,dos_delay,False,1.1129885562876254,7.626207573071199,8.739196129358824,65.27194941698335,63.57714964498002,43.739196129358824,11.532753287624523,20.0,15.0,10.0,0.9423362335618773,49.65401740137126,-11.532753287624523,True,False,True
205,dos_delay_attack,dos_delay,False,0.7359777630108835,6.868262266096781,7.604240029107665,63.15614523792739,66.3140056720976,42.604240029107665,10.551905208819726,20.0,15.0,10.0,0.9472404739559014,49.683442843735406,-10.551905208819726,True,False,True
206,dos_delay_attack,dos_delay,False,2.784300612356861,10.364591583567613,13.148892195924475,66.13386080618598,65.27194941698335,48.148892195924475,7.984968610261504,20.0,15.0,10.0,0.9600751569486925,49.760450941692156,-7.984968610261504,True,False,True
207,dos_delay_attack,dos_delay,False,0.0,10.516803361836494,10.516803361836494,63.680772522859016,63.15614523792739,45.516803361836494,8.163969161022521,20.0,15.0,10.0,0.9591801541948874,49.755080925169324,-8.163969161022521,True,False,True
208,dos_delay_attack,dos_delay,False,2.3268098291811787,9.010274188199373,11.337084017380551,62.79561803676639,66.13386080618598,46.33708401738055,6.458534019385844,20.0,15.0,10.0,0.9677073299030707,49.806243979418426,-6.458534019385844,True,False,True
209,dos_delay_attack,dos_delay,False,2.4516092430130874,7.896319111019307,10.347928354032394,65.44550489196453,63.680772522859016,45.34792835403239,10.097576537932142,20.0,15.0,10.0,0.9495121173103392,49.697072703862034,-10.097576537932142,True,False,True
210,dos_delay_attack,dos_delay,False,2.7802395410084006,7.885523932089141,10.665763473097542,65.23942029600414,62.79561803676639,45.66576347309754,9.5736568229066,20.0,15.0,10.0,0.952131715885467,49.7127902953128,-9.5736568229066,True,False,True
211,dos_delay_attack,dos_delay,False,0.0,7.387798600535312,7.387798600535312,61.41825553188252,65.44550489196453,42.38779860053531,9.03045693134721,20.0,15.0,10.0,0.954847715343264,49.729086292059584,-9.03045693134721,True,False,True
212,dos_delay_attack,dos_delay,False,0.0,8.671399121101642,8.671399121101642,61.30269795224734,65.23942029600414,43.67139912110164,7.631298831145699,20.0,15.0,10.0,0.9618435058442715,49.77106103506563,-7.631298831145699,True,False,True
213,dos_delay_attack,dos_delay,False,2.835332550319116,10.79703451110168,13.632367061420796,62.987183438498136,61.41825553188252,48.632367061420794,4.354816377077341,20.0,15.0,10.0,0.9782259181146133,49.86935550868768,-4.354816377077341,True,False,True
214,dos_delay_attack,dos_delay,False,1.506493295106388,9.829458453741294,11.335951748847682,63.35935609459159,61.30269795224734,46.335951748847684,7.023404345743906,20.0,15.0,10.0,0.9648829782712804,49.78929786962768,-7.023404345743906,True,False,True
215,dos_delay_attack,dos_delay,False,0.0,10.596645023559038,10.596645023559038,64.2946536195792,62.987183438498136,45.596645023559034,8.69800859602016,20.0,15.0,10.0,0.9565099570198992,49.739059742119395,-8.69800859602016,True,False,True
216,dos_delay_attack,dos_delay,False,2.06034752333818,5.3431508337864715,7.4034983571246515,60.115541549828585,63.35935609459159,42.40349835712465,7.712043192703938,20.0,15.0,10.0,0.9614397840364803,49.76863870421888,-7.712043192703938,True,False,True
217,dos_delay_attack,dos_delay,False,1.9742208196778561,10.963099297079689,12.937320116757544,63.3244226896436,64.2946536195792,47.93732011675755,5.38710257288605,20.0,15.0,10.0,0.9730644871355697,49.83838692281342,-5.38710257288605,True,False,True
218,dos_delay_attack,dos_delay,False,0.0,10.930016467344622,10.930016467344622,62.42282427762889,60.115541549828585,45.93001646734462,6.492807810284269,20.0,15.0,10.0,0.9675359609485786,49.80521576569147,-6.492807810284269,True,False,True
219,dos_delay_attack,dos_delay,False,1.9126321001917406,6.732199526757492,8.644831626949234,62.957651326739736,63.3244226896436,43.644831626949234,9.312819699790502,20.0,15.0,10.0,0.9534359015010475,49.720615409006285,-9.312819699790502,True,False,True
220,dos_delay_attack,dos_delay,False,0.0,8.260961940999778,8.260961940999778,59.21643353779716,62.42282427762889,43.26096194099978,5.955471596797381,20.0,15.0,10.0,0.970222642016013,49.82133585209608,-5.955471596797381,True,False,True
221,dos_delay_attack,dos_delay,False,2.26927764736293,7.140815880001962,9.410093527364893,62.41479539828886,62.957651326739736,44.41009352736489,8.004701870923967,20.0,15.0,10.0,0.9599764906453802,49.75985894387228,-8.004701870923967,True,False,True
222,dos_delay_attack,dos_delay,False,2.9598091566882996,9.987902454910337,12.947711611598637,60.448857645126914,59.21643353779716,47.947711611598635,2.501146033528279,20.0,15.0,10.0,0.9874942698323586,49.92496561899415,-2.501146033528279,True,False,True
223,dos_delay_attack,dos_delay,False,1.643225253292007,8.033350709709536,9.676575963001543,59.15579016507086,62.41479539828886,44.67657596300154,4.479214202069322,20.0,15.0,10.0,0.9776039289896534,49.86562357393792,-4.479214202069322,True,False,True
224,dos_delay_attack,dos_delay,False,0.0,6.199428211620399,6.199428211620399,60.331649117990835,60.448857645126914,41.1994282116204,9.132220906370435,20.0,15.0,10.0,0.9543388954681479,49.726033372808885,-9.132220906370435,True,False,True
225,dos_delay_attack,dos_delay,False,0.0,10.297695687084829,10.297695687084829,59.08049990648487,59.15579016507086,45.297695687084826,3.7828042194000417,20.0,15.0,10.0,0.9810859789029998,49.886515873418,-3.7828042194000417,True,False,True
226,dos_delay_attack,dos_delay,False,0.0,7.707037433857057,7.707037433857057,59.97437701934714,60.331649117990835,42.70703743385705,7.267339585490085,20.0,15.0,10.0,0.9636633020725496,49.781979812435296,-7.267339585490085,True,False,True
227,dos_delay_attack,dos_delay,False,0.0,7.416374845618869,7.416374845618869,59.555156474113446,59.08049990648487,42.41637484561887,7.138781628494577,20.0,15.0,10.0,0.9643060918575271,49.78583655114516,-7.138781628494577,True,False,True
228,dos_delay_attack,dos_delay,False,0.0,9.942910291441283,9.942910291441283,56.396188420967455,59.97437701934714,44.94291029144128,1.4532781295261756,20.0,15.0,10.0,0.9927336093523691,49.95640165611422,-1.4532781295261756,True,False,True
229,dos_delay_attack,dos_delay,False,1.42622580172356,7.450509665048462,8.876735466772022,56.452489865494336,59.555156474113446,43.87673546677202,2.5757543987223173,20.0,15.0,10.0,0.9871212280063885,49.92272736803833,-2.5757543987223173,True,False,True
230,dos_delay_attack,dos_delay,False,0.0,7.8814507384483985,7.8814507384483985,56.73370709654906,56.396188420967455,42.8814507384484,3.852256358100661,20.0,15.0,10.0,0.9807387182094967,49.88443230925698,-3.852256358100661,True,False,True
231,dos_delay_attack,dos_delay,False,0.2653290004281783,9.233602226097556,9.498931226525734,55.4395662521718,56.452489865494336,44.498931226525734,0.9406350256460669,20.0,15.0,10.0,0.9952968248717696,49.97178094923062,-0.9406350256460669,True,False,True
232,dos_delay_attack,dos_delay,False,0.9176024973449453,8.807749723966374,9.725352221311319,54.85674520002593,56.73370709654906,44.72535222131132,0.13139297871460798,20.0,15.0,10.0,0.999343035106427,49.99605821063856,-0.13139297871460798,True,False,True
233,dos_delay_attack,dos_delay,False,0.0,7.6145141370787925,7.6145141370787925,55.32608751728352,55.4395662521718,42.61451413707879,2.711573380204726,20.0,15.0,10.0,0.9864421330989763,49.91865279859386,-2.711573380204726,True,False,True
234,dos_delay_attack,dos_delay,False,0.863402151545015,10.870105913416628,11.733508064961644,55.62596178703862,54.85674520002593,45.62596178703862,0.0,20.0,15.0,10.0,1.005537731389615,50.03322638833769,1.1075462779230207,True,False,True
235,dos_delay_attack,dos_delay,False,0.0,7.27210343287066,7.27210343287066,55.40038973761463,55.32608751728352,42.27210343287066,3.1282863047439733,20.0,15.0,10.0,0.9843585684762801,49.90615141085768,-3.1282863047439733,True,False,True
236,dos_delay_attack,dos_delay,False,0.14212767706524954,10.931113874120406,11.073241551185657,56.61136505892624,55.62596178703862,45.408713784431846,1.6456697856635998,20.0,14.335472233246188,9.556981488830791,0.991771651071682,49.950629906430095,-1.6456697856635998,True,False,True
237,dos_delay_attack,dos_delay,False,1.4512438601452082,10.472323192148632,11.92356705229384,53.5480105764256,55.40038973761463,43.5480105764256,0.0,20.0,15.0,10.0,1.0168777823793411,50.10126669427605,3.375556475868244,True,False,True
238,dos_delay_attack,dos_delay,False,0.0,8.378476680825091,8.378476680825091,54.32706074182313,56.61136505892624,43.37847668082509,0.9485840609980443,20.0,15.0,10.0,0.9952570796950098,49.97154247817006,-0.9485840609980443,True,False,True
239,dos_delay_attack,dos_delay,False,2.1489141440059196,10.793061952000691,12.941976096006611,53.09095542966694,53.5480105764256,44.441178020014235,0.0,20.0,12.974666114479053,8.649777409652703,1.007377320952357,50.04426392571414,1.4754641904714276,True,False,True
240,dos_delay_attack,dos_delay,False,1.9400260738544288,10.44002367839864,12.380049752253068,53.83929649269776,54.32706074182313,43.83929649269776,0.0,20.0,15.0,10.0,1.0177037662977766,50.10622259778666,3.5407532595553093,True,False,True
241,dos_delay_attack,dos_delay,False,0.0,13.341523295588125,13.341523295588125,52.01353508021541,53.09095542966694,43.95394334675128,0.0,20.0,12.089387600196197,8.059591733464131,1.0073848377451653,50.04430902647099,1.4769675490330414,True,False,True
242,dos_delay_attack,dos_delay,False,1.8587542604604657,8.486269450547773,10.345023711008238,52.745615784902796,53.83929649269776,43.22057175527506,0.9413453334498598,20.0,12.875548044266818,8.58369869617788,0.9952932733327507,49.971759639996506,-0.9413453334498598,True,False,True
243,dos_delay_attack,dos_delay,False,6.329040739335259,14.46843811380008,20.79747885313534,54.018542769956376,52.01353508021541,46.54973805610546,0.0,20.0,11.203207070776372,7.468804713850915,1.0272547393390312,50.163528436034184,5.450947867806249,True,False,True
244,dos_delay_attack,dos_delay,False,5.708909235465197,9.158115374284256,14.867024609749453,52.28207393859629,52.745615784902796,43.32183710903847,0.0,20.0,13.440355244336734,8.960236829557823,1.0249277137252386,50.14956628235143,4.9855427450477166,True,False,True
245,dos_delay_attack,dos_delay,False,8.809954146260042,14.576861828447324,23.386815974707368,52.02443803629132,54.018542769956376,46.70906780959996,0.0,19.93263835009262,7.97305534003705,5.315370226691368,1.0229172092761853,50.137503255657116,4.5834418552370835,True,False,True
246,dos_delay_attack,dos_delay,False,8.491171854143271,12.901865334426711,21.393037188569984,49.27773990329894,52.28207393859629,42.3117201717602,0.0,20.0,10.4490295973081,6.966019731538735,1.0476517330705895,50.28591039842354,9.530346614117882,True,False,True
247,dos_delay_attack,dos_delay,False,7.871772813718505,10.82255451918084,18.694327332899345,50.64503956699112,52.02443803629132,42.74992986462986,3.3130901725078274,17.182573236950372,6.8730292947801495,4.582019529853433,0.9834345491374609,49.900607294824766,-3.3130901725078274,True,False,True
248,dos_delay_attack,dos_delay,False,13.66154060022399,12.753981087505291,26.41552168772928,48.36309924685642,49.27773990329894,43.90154681249979,0.0,16.730821628837372,6.692328651534948,4.461552434356633,1.0296856257780092,50.178113754668054,5.937125155601819,True,False,True
249,dos_delay_attack,dos_delay,False,13.843347071467342,11.210770641143542,25.054117712610882,50.87762829707873,50.64503956699112,45.76551433962405,0.0,19.170427340455067,7.668170936182026,5.112113957454685,1.0306360082481196,50.18381604948872,6.127201649623927,True,False,True
250,dos_delay_attack,dos_delay,False,12.632951981215163,11.230147917500798,23.86309989871596,49.4596510715854,48.36309924685642,42.29906504838275,3.6489736137423066,13.168546535476283,5.267418614190514,3.5116124094603434,0.9817551319312885,49.89053079158773,-3.6489736137423066,True,False,True
251,dos_delay_attack,dos_delay,False,19.146192719392495,16.8092636692363,35.9554563886288,48.455255347194395,50.87762829707873,44.32349365367954,0.0,15.494106350680708,6.197642540272283,4.131761693514856,1.0666185581295113,50.39971134877707,13.323711625902249,True,False,True
252,dos_delay_attack,dos_delay,False,17.126226459829805,15.658081949008702,32.784308408838505,48.81006681553954,49.4596510715854,44.714618627880434,0.0,15.357930703721664,6.143172281488665,4.095448187659111,1.047853963830842,50.28712378298505,9.570792766168402,True,False,True
253,dos_delay_attack,dos_delay,False,20.878382687797114,12.286302016319395,33.16468470411651,48.637616933807166,48.455255347194395,43.66451582931161,2.9731332711250573,7.499879375139359,2.999951750055744,1.999967833370496,0.9851343336443747,49.91080600186625,-2.9731332711250573,True,False,True
254,dos_delay_attack,dos_delay,False,20.60730571438602,14.72181638214624,35.32912209653226,47.97678373293789,48.81006681553954,45.41266238786572,0.0,9.615455044020623,3.8461820176082484,2.564121345072166,1.016890483851477,50.101342903108865,3.3780967702954072,True,False,True
255,dos_delay_attack,dos_delay,False,19.320924299120254,14.480902232930188,33.80182653205044,49.69677432901591,48.637616933807166,46.79908960499059,0.42201556727481204,9.283759337814393,3.7135037351257574,2.4756691567505054,0.9978899221636259,49.98733953298176,-0.42201556727481204,True,False,True
256,dos_delay_attack,dos_delay,False,25.04193747645199,16.20352902236943,41.24546649882142,47.479939638174194,47.97678373293789,45.45631377634929,0.0,7.588596981843377,3.0354387927373514,2.0236258618249012,1.0320659424852643,50.192395654911586,6.413188497052857,True,False,True
257,dos_delay_attack,dos_delay,False,24.896430646909646,15.84836849072401,40.744799137633656,47.96768837385925,49.69677432901591,45.42449672634477,0.0,9.53696867817928,3.8147874712717127,2.5431916475144756,1.0433602928036994,50.2601617568222,8.672058560739877,True,False,True
258,dos_delay_attack,dos_delay,False,27.09343960315929,16.20529206029599,43.29873166345528,48.50870174409386,47.479939638174194,47.511186041797416,0.0,3.740683883611663,1.4962735534446654,0.9975157022964438,1.005122515293571,50.03073509176143,1.0245030587141954,True,False,True
259,dos_delay_attack,dos_delay,False,27.048712900755234,13.460822812066912,40.50953571282214,47.08594449437113,47.96768837385925,45.93028221657503,0.0,4.333733541735354,1.7334934166941418,1.1556622777960948,1.0032324022733832,50.0193944136403,0.6464804546766132,True,False,True
260,dos_delay_attack,dos_delay,False,27.74080707341129,19.392965624129708,47.133772697541,48.19160272125453,48.50870174409386,47.35800750835236,0.0,3.1259820483831504,1.25039281935326,0.8335952129021735,1.0207607002846253,50.12456420170775,4.152140056925049,True,False,True
261,dos_delay_attack,dos_delay,False,26.36376814065014,14.455118346303466,40.81888648695361,45.10054620238394,47.08594449437113,44.0483207973361,0.0,3.9458452689293906,1.5783381075717562,1.0522254050478377,1.0114737453305933,50.06884247198356,2.294749066118648,True,False,True
262,dos_delay_attack,dos_delay,False,25.956632338068044,15.228132444737364,41.18476478280541,46.526582022210604,48.19160272125453,42.07334200272478,4.28398721569166,0.6346980142281211,0.25387920569124844,0.16925280379416563,0.9785800639215417,49.87148038352925,-4.28398721569166,True,False,True
263,dos_delay_attack,dos_delay,False,25.465871804099738,19.22119641558648,44.68706821968622,47.42538762044421,45.10054620238394,46.74032206597536,0.0,2.568995829258198,1.027598331703279,0.6850655544688526,1.0077167015733617,50.04630020944017,1.543340314672335,True,False,True
264,dos_delay_attack,dos_delay,False,30.254679436939654,18.78228942413872,49.03696886107838,47.447027250383016,46.526582022210604,46.59233649207818,0.0,3.205090343643117,1.2820361374572469,0.8546907583048313,1.0346587942505028,50.207952765503016,6.931758850100557,True,False,True
265,dos_delay_attack,dos_delay,False,30.260926656270463,15.677996476872769,45.938923133143234,46.30431486944608,47.42538762044421,45.8661837653248,0.0,1.6429916404547966,0.6571966561819187,0.4381311041212792,1.0118646383222758,50.071187829933656,2.3729276644551476,True,False,True
266,dos_delay_attack,dos_delay,False,31.232960252852045,16.035308666925367,47.26826891977741,46.848160495706004,47.447027250383016,46.848160495706004,0.0,0.0,0.0,0.0,1.002100542120357,50.012603252722144,0.42010842407140814,True,False,True
267,dos_delay_attack,dos_delay,False,31.415472460039275,15.348908430949582,46.76438089098886,47.23271256218598,46.30431486944608,47.07130994948325,0.10293993489427322,0.21923504178170816,0.08769401671268326,0.058462677808455515,0.9994853003255286,49.996911801953175,-0.10293993489427322,True,False,True
268,dos_delay_attack,dos_delay,False,29.37803111872728,19.56894793529615,48.94697905402343,45.586799119468566,46.848160495706004,45.586799119468566,0.0,0.0,0.0,0.0,1.0168008996727744,50.10080539803665,3.360179934554864,True,False,True
269,dos_delay_attack,dos_delay,False,29.165771146230654,15.938128402307687,45.10389954853834,45.244133415211955,47.23271256218598,45.169200347820414,0.0,0.2809990027182721,0.11239960108730883,0.07493306739153922,1.0016404890226176,50.009842934135705,0.3280978045235088,True,False,True
270,dos_delay_attack,dos_delay,False,30.394348031238174,21.63780075360917,52.032148784847344,46.26540689710021,45.586799119468566,46.26540689710021,0.0,0.0,0.0,0.0,1.0288337094387356,50.173002256632415,5.766741887747131,True,False,True
271,dos_delay_attack,dos_delay,False,30.366801501733477,17.015552217921204,47.38235371965468,45.63593958680927,45.244133415211955,45.613502168141494,0.0,0.08414032000417108,0.03365612800166844,0.022437418667778958,1.0094332399975952,50.05659943998557,1.8866479995190275,True,False,True
272,dos_delay_attack,dos_delay,False,31.559541953795858,17.823824348307934,49.383366302103795,46.8986938345774,46.26540689710021,46.8986938345774,0.0,0.0,0.0,0.0,1.012423362337632,50.07454017402579,2.4846724675263943,True,False,True
273,dos_delay_attack,dos_delay,False,32.52962788570288,17.48841564958684,50.01804353528972,46.108393295713334,45.63593958680927,46.108393295713334,0.0,0.0,0.0,0.0,1.019548251197882,50.117289507187294,3.9096502395763864,True,False,True
274,dos_delay_attack,dos_delay,False,31.654102679054333,20.08226511820421,51.73636779725854,46.4542725333697,46.8986938345774,46.4542725333697,0.0,0.0,0.0,0.0,1.0264104763194442,50.15846285791667,5.282095263888834,True,False,True
275,dos_delay_attack,dos_delay,False,30.589513907895487,20.700190441612882,51.28970434950837,44.239970649044345,46.108393295713334,44.239970649044345,0.0,0.0,0.0,0.0,1.0352486685023201,50.211492011013924,7.049733700464024,True,False,True
276,dos_delay_attack,dos_delay,False,26.49077470946157,18.785538490638938,45.2763132001005,45.1618230739379,46.4542725333697,45.1618230739379,0.0,0.0,0.0,0.0,1.000572450630813,50.003434703784876,0.11449012616260035,True,False,True
277,dos_delay_attack,dos_delay,False,29.065677993585226,21.366791355351317,50.43246934893654,46.37209916052588,44.239970649044345,46.37209916052588,0.0,0.0,0.0,0.0,1.0203018509420534,50.12181110565232,4.0603701884106655,True,False,True
278,dos_delay_attack,dos_delay,False,28.00173797683086,22.141597524385418,50.14333550121628,45.676590230552705,45.1618230739379,45.676590230552705,0.0,0.0,0.0,0.0,1.0223337263533179,50.13400235811991,4.466745270663573,True,False,True
279,dos_delay_attack,dos_delay,False,29.4853812141707,22.76111627559633,52.24649748976703,45.244745349142406,46.37209916052588,45.244745349142406,0.0,0.0,0.0,0.0,1.035008760703123,50.21005256421874,7.001752140624625,True,False,True
280,dos_delay_attack,dos_delay,False,27.925238101506917,18.999808552819903,46.92504665432682,46.03120015182506,45.676590230552705,46.03120015182506,0.0,0.0,0.0,0.0,1.0044692325125089,50.026815395075054,0.8938465025017592,True,False,True
281,dos_delay_attack,dos_delay,False,24.705004548387414,21.554340646978304,46.25934519536572,44.25231223470616,45.244745349142406,44.25231223470616,0.0,0.0,0.0,0.0,1.0100351648032977,50.06021098881979,2.007032960659558,True,False,True
282,dos_delay_attack,dos_delay,False,23.590003058459946,21.04217067462618,44.63217373308613,45.33217705969578,46.03120015182506,44.63217373308613,0.7000033266096537,0.0,0.0,0.0,0.9964999833669518,49.97899990020171,-0.7000033266096537,True,False,True
283,dos_delay_attack,dos_delay,False,20.97226779944796,19.736239642871034,40.70850744231899,47.46988480776381,44.25231223470616,40.70850744231899,6.761377365444822,0.0,0.0,0.0,0.9661931131727759,49.797158679036656,-6.761377365444822,True,False,True
284,dos_delay_attack,dos_delay,False,21.005561700032775,18.887198183786897,39.89275988381967,47.520749593865226,45.33217705969578,40.48076267817178,6.927986383435901,0.4200019959657922,0.1680007983863169,0.11200053225754461,0.9653600680828205,49.792160408496926,-6.927986383435901,True,False,True
285,dos_delay_attack,dos_delay,False,20.78866025769281,21.265487883221653,42.054148140914464,45.719599511711024,47.46988480776381,44.63777913323985,0.0,4.056826419266893,1.6227305677067574,1.0818203784711717,1.0154796299732414,50.09287777983945,3.095925994648262,True,False,True
286,dos_delay_attack,dos_delay,False,22.32690528446661,20.337021108804038,42.66392639327064,45.94305188314768,47.520749593865226,44.72257352954039,0.0,4.576793826027332,1.830717530410933,1.220478353607289,1.0217443211008426,50.130465926605055,4.348864220168522,True,False,True
287,dos_delay_attack,dos_delay,False,18.625552251202624,17.87752450451479,36.503076755717416,47.119824305343656,45.719599511711024,39.58205590718652,6.951296178829686,2.1992708224779363,0.8797083289911746,0.5864722193274498,0.9652435191058516,49.79146111463511,-6.951296178829686,True,False,True
288,dos_delay_attack,dos_delay,False,18.87195468801689,20.923779015205618,39.79573370322251,47.33500871395143,45.94305188314768,42.55019911471922,4.260149520851883,1.9674752939262232,0.7869901175704894,0.5246600783803264,0.9786992523957406,49.87219551437445,-4.260149520851883,True,False,True
289,dos_delay_attack,dos_delay,False,14.669578367953186,19.344175738472874,34.01375410642606,47.49430658390793,47.119824305343656,42.9318220481121,2.8638049278556252,6.370048529775744,2.5480194119102975,1.6986796079401985,0.9856809753607219,49.914085852164334,-2.8638049278556252,True,False,True
290,dos_delay_attack,dos_delay,False,12.24813440249304,17.21883809874936,29.4669725012424,45.924225565504585,47.33500871395143,35.7999635102547,8.917978053533261,4.5235650064373525,1.8094260025749414,1.2062840017166279,0.9554101097323336,49.732460658394004,-8.917978053533261,True,False,True
291,dos_delay_attack,dos_delay,False,12.616129277514592,18.45965226474846,31.07578154226305,45.90835937005377,47.49430658390793,42.399445623347816,1.3520253503088568,8.08833148648912,3.2353325945956475,2.156888396397098,0.9932398732484558,49.959439239490735,-1.3520253503088568,True,False,True
292,dos_delay_attack,dos_delay,False,13.070838932649997,17.017889282754215,30.08872821540421,47.60375949762765,45.924225565504585,43.91282078938444,1.057778217961257,9.874351838557311,3.9497407354229246,2.6331604902819503,0.9947111089101938,49.968266653461164,-1.057778217961257,True,False,True
293,dos_delay_attack,dos_delay,False,13.546371922903099,16.930927044661033,30.47729896756413,48.534211211001235,45.90835937005377,42.93666434290834,3.224334415646382,8.899546696674433,3.559818678669773,2.373212452446516,0.9838783279217681,49.90326996753061,-3.224334415646382,True,False,True
294,dos_delay_attack,dos_delay,False,10.258007694820224,17.456944048676544,27.71495174349677,46.818320637781135,47.60375949762765,42.427578020564454,1.5883376120609327,10.509018769334064,4.203607507733625,2.8024050051557508,0.9920583119396953,49.95234987163817,-1.5883376120609327,True,False,True
295,dos_delay_attack,dos_delay,False,7.656949503075065,20.81920169179549,28.476151194870557,47.05340922730621,48.534211211001235,43.643957479357724,0.5203457889985543,10.834147346062261,4.333658938424906,2.889105958949937,0.9973982710550072,49.98438962633004,-0.5203457889985543,True,False,True
296,dos_delay_attack,dos_delay,False,4.83635882752412,18.97900653069139,23.81536535821551,49.36723862500804,46.818320637781135,39.86219522941438,6.448504372508161,11.462021336570619,4.584808534628248,3.0565390230854987,0.9677574781374592,49.80654486882476,-6.448504372508161,True,False,True
297,dos_delay_attack,dos_delay,False,7.266250953075202,18.47717879139499,25.74342974447019,47.680589535859184,47.05340922730621,41.34832649171614,3.3599017589533346,11.146354819461392,4.458541927784558,2.972361285189705,0.9832004912052333,49.8992029472314,-3.3599017589533346,True,False,True
298,dos_delay_attack,dos_delay,False,5.166323380652754,15.930900696942661,21.097224077595413,50.279710208781076,49.36723862500804,42.56079762170114,3.630612864393129,15.33112396007552,6.1324495840302085,4.088299722686806,0.9818469356780344,49.891081614068206,-3.630612864393129,True,False,True
299,dos_delay_attack,dos_delay,False,0.3107024448716029,20.545883859953303,20.856586304824905,48.75935130657499,47.680589535859184,39.28380052959166,5.96560521036109,13.162295874833395,5.2649183499333585,3.509945566622239,0.9701719739481945,49.82103184368917,-5.96560521036109,True,False,True
