time_step,scenario,attack_type,security_enabled,solar_generation,wind_generation,total_generation,true_load,reported_load,served_load,unmet_demand,reserve_used,storage_used,load_shed,voltage,frequency,imbalance,packet_received,packet_tampered,controller_data_trusted,used_fallback,anomaly_detected,command_authenticated
0,secured_dos_drop,dos_drop,True,0.04808503140455134,13.543629967609016,13.591714999013568,56.470429894180526,56.470429894180526,47.31894393611374,0.0,20.0,13.727228937100174,9.151485958066784,1.0,50.0,0.0,True,False,False,True,True,True
1,secured_dos_drop,dos_drop,True,1.4979920200719583,15.973469763540557,17.471461783612515,55.39684928732782,55.39684928732782,48.22669428584169,7.105427357601002e-15,20.0,10.755232502229179,7.170155001486121,1.0,50.0,-7.105427357601002e-15,False,False,False,True,False,True
2,secured_dos_drop,dos_drop,True,5.577778572274806,15.38723951258563,20.965018084860436,54.90126947026802,54.90126947026802,49.32676891610498,0.0,20.0,8.361750831244551,5.574500554163036,1.0,50.0,0.0,False,False,False,True,False,True
3,secured_dos_drop,dos_drop,True,3.0818797397079623,14.713143553594344,17.795023293302307,58.029410118187776,58.029410118187776,49.935655388233585,0.0,20.0,12.14063209493128,8.093754729954188,1.0,50.0,0.0,True,False,False,True,True,True
4,secured_dos_drop,dos_drop,True,4.057203029536578,14.389795997023231,18.44699902655981,57.13888671185957,57.13888671185957,49.66213163773966,0.0,20.0,11.215132611179856,7.476755074119906,1.0,50.0,0.0,True,False,False,True,True,True
5,secured_dos_drop,dos_drop,True,6.795555802595505,15.794235440984874,22.58979124358038,57.768614201798385,57.768614201798385,51.69708501851118,0.0,20.0,9.107293774930804,6.071529183287202,1.0,50.0,0.0,True,False,False,True,True,True
6,secured_dos_drop,dos_drop,True,7.28529814240268,14.30722550346301,21.59252364586569,57.54386233008723,57.54386233008723,51.16332685639861,0.0,20.0,9.570803210532924,6.3805354736886155,1.0,50.0,0.0,True,False,False,True,True,True
7,secured_dos_drop,dos_drop,True,8.600084165300583,18.877509189426846,27.47759335472743,58.623626576554415,58.623626576554415,53.64026126106209,0.0,18.68761993309619,7.475047973238477,4.9833653154923185,1.0,50.0,0.0,True,False,False,True,True,True
8,secured_dos_drop,dos_drop,True,9.271300518103885,19.029351398390467,28.300651916494353,59.84867703201352,59.84867703201352,54.80099301353045,0.0,18.9288150693115,7.571526027724599,5.047684018483067,1.0,50.0,7.105427357601002e-15,True,False,False,True,True,True
9,secured_dos_drop,dos_drop,True,10.677465234513516,14.110031131955159,24.787496366468673,58.53659627650366,58.53659627650366,53.036956312489664,0.0,20.0,8.249459946020991,5.499639964013994,1.0,50.0,0.0,True,False,False,True,True,True
10,secured_dos_drop,dos_drop,True,14.250710036571805,18.362422948934267,32.61313298550607,58.40437896393906,58.40437896393906,54.27777960738978,0.0,15.474747587059793,6.189899034823918,4.126599356549279,1.0,50.0,0.0,True,False,False,True,True,True
11,secured_dos_drop,dos_drop,True,13.838059588828585,18.93554424632979,32.773603835158376,59.85981220732033,59.85981220732033,55.52601886777442,0.0,16.251725023297173,6.50069000931887,4.333793339545913,1.0,50.0,7.105427357601002e-15,False,False,False,True,False,True
12,secured_dos_drop,dos_drop,True,17.346049085347946,14.930783629989824,32.27683271533777,60.48946051640829,60.48946051640829,55.975440068237006,0.0,16.927576680642314,6.771030672256926,4.5140204481712844,1.0,50.0,0.0,True,False,False,True,True,True
13,secured_dos_drop,dos_drop,True,19.909182380400914,18.823994642923033,38.73317702332395,61.60063581483531,61.60063581483531,57.94184240819349,0.0,13.720475274906816,5.488190109962726,3.658793406641818,1.0,50.0,7.105427357601002e-15,True,False,False,True,True,True
14,secured_dos_drop,dos_drop,True,22.488396656200447,18.98394465001931,41.47234130621976,58.49331450435742,58.49331450435742,55.769958792655395,0.0,10.212583918882595,4.085033567553039,2.723355711702026,1.0,50.0,0.0,False,False,False,True,False,True
15,secured_dos_drop,dos_drop,True,21.674429102991045,17.0680370870681,38.74246619005915,58.86802083086526,58.86802083086526,55.64793208833628,0.0,12.075332784483669,4.830133113793468,3.2200887425289784,1.0,50.0,0.0,True,False,False,True,True,True
16,secured_dos_drop,dos_drop,True,21.672885928007627,16.5811258484597,38.25401177646732,60.06513848056574,60.06513848056574,56.57535820790999,0.0,13.086676022459052,5.234670408983621,3.4897802726557474,1.0,50.0,0.0,True,False,False,True,True,True
17,secured_dos_drop,dos_drop,True,24.6574853752157,18.55413522572227,43.21162060093797,60.95312700253317,60.95312700253317,58.11448597827794,0.0,10.644903840957122,4.257961536382848,2.8386410242552325,1.0,50.0,0.0,True,False,False,True,True,True
18,secured_dos_drop,dos_drop,True,25.083459234242966,18.57992868564952,43.663387919892486,60.410209459861434,60.410209459861434,57.7307180134664,0.0,10.048092923981368,4.0192371695925475,2.6794914463950326,1.0,50.0,7.105427357601002e-15,True,False,False,True,True,True
19,secured_dos_drop,dos_drop,True,26.996039854145067,19.016617238295837,46.012657092440904,60.62674473113605,60.62674473113605,58.28849070894482,7.105427357601002e-15,8.768452583217087,3.5073810332868356,2.3382540221912236,1.0,50.0,-7.105427357601002e-15,True,False,False,True,True,True
20,secured_dos_drop,dos_drop,True,25.434917835075613,21.70638272402229,47.1413005590979,62.42971686633918,62.42971686633918,59.983570257180574,0.0,9.173049784344766,3.6692199137379067,2.446146609158605,1.0,50.0,0.0,True,False,False,True,True,True
21,secured_dos_drop,dos_drop,True,24.950296158560384,19.2510519004113,44.20134805897169,62.95994348173544,62.95994348173544,59.95856821409324,0.0,11.255157253658252,4.502062901463301,3.001375267642201,1.0,50.0,7.105427357601002e-15,True,False,False,True,True,True
22,secured_dos_drop,dos_drop,True,26.960585789359914,19.825685929393646,46.78627171875356,60.787122220710884,60.787122220710884,58.54698614039771,0.0,8.400510301174394,3.3602041204697572,2.240136080313172,1.0,50.0,0.0,True,False,False,True,True,True
23,secured_dos_drop,dos_drop,True,26.730031918471365,19.18966052806914,45.91969244654051,61.57507479045611,61.57507479045611,59.07021361542961,0.0,9.393229406349358,3.7572917625397437,2.5048611750264964,1.0,50.0,0.0,True,False,False,True,True,True
24,secured_dos_drop,dos_drop,True,30.059966315548497,22.264116102324188,52.32408241787269,61.43728280952418,61.43728280952418,59.979170746859936,0.0,5.467920234990893,2.1871680939963576,1.4581120626642385,1.0,50.0,0.0,True,False,False,True,True,True
25,secured_dos_drop,dos_drop,True,30.84408504544247,18.57405437558002,49.41813942102249,63.56699290194938,63.56699290194938,61.30317634500108,0.0,8.489312088556133,3.395724835422453,2.2638165569483024,1.0,50.0,0.0,True,False,False,True,True,True
26,secured_dos_drop,dos_drop,True,27.505143829938405,19.252370012293163,46.75751384223157,64.06161513735923,64.06161513735923,61.2929589301388,0.0,10.382460777076595,4.152984310830638,2.7686562072204257,1.0,50.0,0.0,True,False,False,True,True,True
27,secured_dos_drop,dos_drop,True,30.687391608715167,17.934452599867104,48.621844208582274,63.749042253093705,63.749042253093705,61.328690565971876,0.0,9.076318826706858,3.6305275306827434,2.4203516871218294,1.0,50.0,0.0,False,False,False,True,False,True
28,secured_dos_drop,dos_drop,True,27.230250615524337,22.24385785755431,49.474108473078644,64.1570764284269,64.1570764284269,61.80780155557118,0.0,8.809780773208956,3.5239123092835825,2.349274872855722,1.0,50.0,0.0,False,False,False,True,False,True
29,secured_dos_drop,dos_drop,True,28.553495009108158,17.44696897259544,46.0004639817036,63.0659736601078,63.0659736601078,60.33549211156313,0.0,10.239305807042522,4.09572232281701,2.730481548544673,1.0,50.0,0.0,False,False,False,True,False,True
30,secured_dos_drop,dos_drop,True,30.221859153313652,18.619738075680168,48.84159722899382,62.944292711226375,62.944292711226375,60.68786143406916,0.0,8.461617289339532,3.3846469157358134,2.2564312771572093,1.0,50.0,0.0,True,False,False,True,True,True
31,secured_dos_drop,dos_drop,True,32.27206692363851,20.119901021076693,52.391967944715205,63.834657850841865,63.834657850841865,62.0038274658616,0.0,6.865613943675996,2.746245577470398,1.8308303849802656,1.0,50.0,0.0,True,False,False,True,True,True
32,secured_dos_drop,dos_drop,True,29.78474316311592,21.716118223071266,51.50086138618718,64.44951788260231,64.44951788260231,62.377732843175885,0.0,7.769193897849075,3.1076775591396304,2.0717850394264206,1.0,50.0,7.105427357601002e-15,True,False,False,True,True,True
33,secured_dos_drop,dos_drop,True,28.13837698980411,18.138285276420643,46.276662266224754,64.41199254834216,64.41199254834216,61.51033970320337,0.0,10.88119816927044,4.352479267708176,2.901652845138784,1.0,50.0,0.0,True,False,False,True,True,True
34,secured_dos_drop,dos_drop,True,27.158744681540433,19.23407983125192,46.39282451279235,65.78864102274002,65.78864102274002,62.68531038114839,7.105427357601002e-15,11.637489905968602,4.654995962387441,3.1033306415916284,1.0,50.0,-7.105427357601002e-15,True,False,False,True,True,True
35,secured_dos_drop,dos_drop,True,30.050139876715996,17.964533901188265,48.014673777904264,64.70421188486374,64.70421188486374,62.03388578775022,0.0,10.013722864175685,4.005489145670274,2.6703260971135157,1.0,50.0,0.0,True,False,False,True,True,True
36,secured_dos_drop,dos_drop,True,31.48323135829045,21.111865470371637,52.595096828662086,64.41936771866892,64.41936771866892,62.52748437626783,0.0,7.094562534004102,2.8378250136016407,1.8918833424010937,1.0,50.0,0.0,True,False,False,True,True,True
37,secured_dos_drop,dos_drop,True,26.76905368632997,19.258862786710942,46.02791647304091,64.49788296204949,64.49788296204949,61.542688323808115,0.0,11.081979893405146,4.432791957362059,2.9551946382413723,1.0,50.0,0.0,True,False,False,True,True,True
38,secured_dos_drop,dos_drop,True,27.065211498854765,21.297771343486893,48.36298284234166,63.359312602073075,63.359312602073075,60.959899840516044,0.0,8.997797855838849,3.5991191423355406,2.399412761557027,1.0,50.0,0.0,False,False,False,True,False,True
39,secured_dos_drop,dos_drop,True,27.242211900499022,19.419647185546314,46.66185908604534,66.12292496925207,66.12292496925207,63.009154427938995,0.0,11.676639529924037,4.670655811969615,3.1137705413130767,1.0,50.0,0.0,False,False,False,True,False,True
40,secured_dos_drop,dos_drop,True,28.7938540808739,18.89429572759473,47.68814980846863,64.1720641314542,64.1720641314542,61.534637839776515,0.0,9.890348593791346,3.956139437516538,2.6374262916776923,1.0,50.0,0.0,False,False,False,True,False,True
41,secured_dos_drop,dos_drop,True,25.202550262383987,18.11688115253421,43.3194314149182,64.15886255885889,64.15886255885889,60.824553575828375,0.0,12.503658686364412,5.001463474545765,3.3343089830305095,1.0,50.0,0.0,False,False,False,True,False,True
42,secured_dos_drop,dos_drop,True,23.0034299144393,18.85984564084962,41.86327555528892,64.609581459155,64.609581459155,60.97017251453642,0.0,13.647783542319644,5.459113416927857,3.6394089446185722,1.0,50.0,0.0,True,False,False,True,True,True
43,secured_dos_drop,dos_drop,True,25.62041546311103,19.85840282608097,45.478818289192,66.03703112064099,66.03703112064099,62.74771706760915,0.0,12.334927698869395,4.933971079547757,3.2893140530318385,1.0,50.0,0.0,True,False,False,True,True,True
44,secured_dos_drop,dos_drop,True,21.72087177139676,21.569461823787492,43.29033359518425,65.33972740393317,65.33972740393317,61.81182439453334,0.0,13.22963628524935,5.2918545140997395,3.527903009399827,1.0,50.0,0.0,False,False,False,True,False,True
45,secured_dos_drop,dos_drop,True,20.009745130306058,20.57472202645101,40.58446715675707,65.34515768381694,65.34515768381694,61.38344719948736,0.0,14.856414316235918,5.942565726494368,3.9617104843295783,1.0,50.0,0.0,True,False,False,True,True,True
46,secured_dos_drop,dos_drop,True,21.779637601175803,16.107712410447093,37.8873500116229,66.16096636828915,66.16096636828915,61.63718775122255,0.0,16.96416981399975,6.785667925599902,4.5237786170666014,1.0,50.0,0.0,True,False,False,True,True,True
47,secured_dos_drop,dos_drop,True,20.114201279127254,15.872256915461953,35.986458194589204,63.22289864725208,63.22289864725208,58.86506817482602,0.0,16.341864271597725,6.53674570863909,4.357830472426061,1.0,50.0,0.0,True,False,False,True,True,True
48,secured_dos_drop,dos_drop,True,16.963978353816767,19.12040516830037,36.084383522117136,65.45199895497663,65.45199895497663,60.753180485719106,7.105427357601002e-15,17.620569259715698,7.048227703886278,4.698818469257519,1.0,50.0,-7.105427357601002e-15,False,False,False,True,False,True
49,secured_dos_drop,dos_drop,True,17.094732628732057,16.89879140288114,33.9935240316132,63.115933381577996,63.115933381577996,58.456347885583625,0.0,17.473445609978878,6.989378243991552,4.659585495994368,1.0,50.0,0.0,True,False,False,True,True,True
50,secured_dos_drop,dos_drop,True,16.22919888202008,17.38426510738312,33.6134639894032,65.66183125424561,65.66183125424561,60.53409249187082,0.0,19.229020358905448,7.691608143562178,5.127738762374786,1.0,50.0,0.0,True,False,False,True,True,True
51,secured_dos_drop,dos_drop,True,15.17865887171353,19.48199788627437,34.6606567579879,62.65466964998999,62.65466964998999,58.17562758726965,7.105427357601002e-15,16.796407735201253,6.718563094080502,4.4790420627203344,1.0,50.0,-7.105427357601002e-15,True,False,False,True,True,True
52,secured_dos_drop,dos_drop,True,14.227827118899718,18.330554162175755,32.55838128107547,64.0492757103865,64.0492757103865,59.01073260169673,0.0,18.894536657586617,7.557814663034645,5.0385431086897645,1.0,50.0,0.0,True,False,False,True,True,True
53,secured_dos_drop,dos_drop,True,9.230975932087873,14.234116449156005,23.465092381243878,63.41694897143411,63.41694897143411,55.436206335358015,0.0,20.0,11.97111395411414,7.9807426360760925,1.0,50.0,0.0,False,False,False,True,False,True
54,secured_dos_drop,dos_drop,True,9.796203955138854,14.142550685978224,23.93875464111708,61.33266786182652,61.33266786182652,54.37510257354275,0.0,20.0,10.436347932425665,6.957565288283778,1.0,50.0,0.0,False,False,False,True,False,True
55,secured_dos_drop,dos_drop,True,6.844769850804316,17.120019934509333,23.96478978531365,61.23046884881108,61.23046884881108,54.324197223412106,0.0,20.0,10.359407438098458,6.906271625398972,1.0,50.0,0.0,True,False,False,True,True,True
56,secured_dos_drop,dos_drop,True,4.706302770446431,17.864204799939486,22.570507570385917,64.4245769933144,64.4245769933144,55.68294922414301,0.0,20.0,13.112441653757093,8.741627769171396,1.0,50.0,0.0,False,False,False,True,False,True
57,secured_dos_drop,dos_drop,True,6.126496836357795,15.936296691719049,22.062793528076845,63.54006617628056,63.54006617628056,54.949157116999075,0.0,20.0,12.88636358892223,8.590909059281486,1.0,50.0,0.0,True,False,False,True,True,True
58,secured_dos_drop,dos_drop,True,5.072749724947974,18.168333927503035,23.24108365245101,63.965543574976856,63.965543574976856,55.67575960596652,0.0,20.0,12.434675953515507,8.289783969010339,1.0,50.0,0.0,True,False,False,True,True,True
59,secured_dos_drop,dos_drop,True,2.1604000157184826,17.23491114018811,19.395311155906594,60.54349623663619,60.54349623663619,52.08422220434435,0.0,20.0,12.688911048437754,8.459274032291836,1.0,50.0,0.0,False,False,False,True,False,True
60,secured_dos_drop,dos_drop,True,0.9223992452750328,15.855874567994377,16.77827381326941,61.322967698854605,61.322967698854605,51.505090144620524,0.0,20.0,14.726816331351113,9.817877554234077,1.0,50.0,0.0,True,False,False,True,True,True
61,secured_dos_drop,dos_drop,True,0.0,14.414679614992725,14.414679614992725,60.94143689677786,60.94143689677786,49.41467961499272,1.5267572817851374,20.0,15.0,10.0,0.9923662135910744,49.95419728154645,-1.5267572817851374,True,False,False,True,True,True
62,secured_dos_drop,dos_drop,True,2.2102549963620817,15.298515411708625,17.508770408070706,61.98384644645721,61.98384644645721,52.19381603110261,0.0,20.0,14.685045623031902,9.790030415354602,1.0,50.0,0.0,True,False,False,True,True,True
63,secured_dos_drop,dos_drop,True,0.17470046798299155,14.735481157196583,14.910181625179575,60.82293385203429,60.82293385203429,49.910181625179575,0.9127522268547139,20.0,15.0,10.0,0.9954362388657264,49.97261743319436,-0.9127522268547139,False,False,False,True,False,True
64,secured_dos_drop,dos_drop,True,0.0,14.250567582164507,14.250567582164507,61.07222643503989,61.07222643503989,49.25056758216451,1.8216588528753803,20.0,15.0,10.0,0.9908917057356231,49.94535023441374,-1.8216588528753803,True,False,False,True,True,True
65,secured_dos_drop,dos_drop,True,1.949857345821699,11.756886243166603,13.706743588988303,58.46425872970806,58.46425872970806,48.56125267342016,0.0,20.0,14.854509084431852,9.903006056287902,1.0,50.0,0.0,True,False,False,True,True,True
66,secured_dos_drop,dos_drop,True,0.0,10.419906276413242,10.419906276413242,61.56250760666759,61.56250760666759,45.41990627641324,6.142601330254344,20.0,15.0,10.0,0.9692869933487283,49.81572196009237,-6.142601330254344,False,False,False,True,False,True
67,secured_dos_drop,dos_drop,True,0.0,12.83035881679097,12.83035881679097,61.20515482038593,61.20515482038593,47.83035881679097,3.374796003594959,20.0,15.0,10.0,0.9831260199820252,49.89875611989215,-3.374796003594959,False,False,False,True,False,True
68,secured_dos_drop,dos_drop,True,0.0,10.18888660835136,10.18888660835136,59.5435546766841,59.5435546766841,45.18888660835136,4.354668068332742,20.0,15.0,10.0,0.9782266596583363,49.86935995795002,-4.354668068332742,True,False,False,True,True,True
69,secured_dos_drop,dos_drop,True,0.0,10.53659639206186,10.53659639206186,57.11861389739317,57.11861389739317,45.53659639206186,1.582017505331308,20.0,15.0,10.0,0.9920899124733434,49.95253947484006,-1.582017505331308,False,False,False,True,False,True
70,secured_dos_drop,dos_drop,True,0.0,14.703066762987547,14.703066762987547,56.82824806432433,56.82824806432433,47.97817554378962,0.0,20.0,13.275108780802068,8.850072520534713,1.0,50.0,0.0,True,False,False,True,True,True
71,secured_dos_drop,dos_drop,True,0.7890617329132406,10.815755676944871,11.60481740985811,57.04872188241919,57.04872188241919,46.604817409858114,0.4439044725610728,20.0,15.0,10.0,0.9977804776371947,49.98668286582317,-0.4439044725610728,False,False,False,True,False,True
72,secured_dos_drop,dos_drop,True,0.0,13.784629031128816,13.784629031128816,57.645198102432474,57.645198102432474,48.10097047391101,0.0,20.0,14.316341442782194,9.544227628521464,1.0,50.0,0.0,False,False,False,True,False,True
73,secured_dos_drop,dos_drop,True,0.0,10.279354405109828,10.279354405109828,58.14554525393758,58.14554525393758,45.27935440510983,2.866190848827749,20.0,15.0,10.0,0.9856690457558612,49.91401427453517,-2.866190848827749,False,False,False,True,False,True
74,secured_dos_drop,dos_drop,True,0.18399599899044938,11.6355096873389,11.819505686329348,57.9748322648632,57.9748322648632,46.81950568632935,1.1553265785338525,20.0,15.0,10.0,0.9942233671073307,49.965340202643986,-1.1553265785338525,True,False,False,True,True,True
75,secured_dos_drop,dos_drop,True,0.0,11.97185509734719,11.97185509734719,57.851287600137084,57.851287600137084,46.97185509734719,0.8794325027898964,20.0,15.0,10.0,0.9956028374860505,49.9736170249163,-0.8794325027898964,True,False,False,True,True,True
76,secured_dos_drop,dos_drop,True,1.1613151197633167,7.48122594800828,8.642541067771596,54.38098067951114,54.38098067951114,43.642541067771596,0.738439611739544,20.0,15.0,10.0,0.9963078019413023,49.977846811647815,-0.738439611739544,True,False,False,True,True,True
77,secured_dos_drop,dos_drop,True,0.0,9.432617043902471,9.432617043902471,54.159385350337985,54.159385350337985,44.26867802776378,0.0,20.0,14.836060983861309,9.890707322574208,1.0,50.0,7.105427357601002e-15,True,False,False,True,True,True
78,secured_dos_drop,dos_drop,True,2.533104716616796,11.225325298012907,13.758430014629702,56.2790374345561,56.2790374345561,47.27079446658554,0.0,20.0,13.51236445195584,9.00824296797056,1.0,50.0,0.0,True,False,False,True,True,True
79,secured_dos_drop,dos_drop,True,0.0,8.193138435029937,8.193138435029937,53.20385550332146,53.20385550332146,43.19313843502994,0.010717068291526743,20.0,15.0,10.0,0.9999464146585424,49.99967848795126,-0.010717068291526743,True,False,False,True,True,True
80,secured_dos_drop,dos_drop,True,0.7544531594197545,8.853957419378023,9.608410578797777,56.2262659860793,56.2262659860793,44.60841057879777,1.6178554072815245,20.0,15.0,10.0,0.9919107229635924,49.95146433778155,-1.6178554072815245,True,False,False,True,True,True
81,secured_dos_drop,dos_drop,True,0.0,7.09783534449421,7.09783534449421,53.94097619509706,53.94097619509706,42.097835344494214,1.8431408506028433,20.0,15.0,10.0,0.9907842957469858,49.94470577448192,-1.8431408506028433,False,False,False,True,False,True
82,secured_dos_drop,dos_drop,True,2.79370385907081,11.439633202387997,14.233337061458807,52.692175998330825,52.692175998330825,45.30864042358202,0.0,20.0,11.075303362123211,7.383535574748809,1.0,50.0,0.0,True,False,False,True,True,True
83,secured_dos_drop,dos_drop,True,0.0,8.054732898307275,8.054732898307275,53.64019887508027,53.64019887508027,43.05473289830728,0.5854659767729942,20.0,15.0,10.0,0.997072670116135,49.98243602069681,-0.5854659767729942,True,False,False,True,True,True
84,secured_dos_drop,dos_drop,True,2.7090786636390156,6.084384770702967,8.793463434341984,51.15607104253007,51.15607104253007,42.21102799925484,0.0,20.0,13.417564564912851,8.945043043275234,1.0,50.0,0.0,True,False,False,True,True,True
85,secured_dos_drop,dos_drop,True,0.5042732055559105,8.665242133909558,9.16951533946547,54.398071076498766,54.398071076498766,44.16951533946547,0.22855573703329668,20.0,15.0,10.0,0.9988572213148336,49.993143327889,-0.22855573703329668,True,False,False,True,True,True
86,secured_dos_drop,dos_drop,True,0.0,10.440304981684807,10.440304981684807,53.18878902173698,53.18878902173698,44.08939540571611,0.0,20.0,13.649090424031305,9.09939361602087,1.0,50.0,0.0,True,False,False,True,True,True
87,secured_dos_drop,dos_drop,True,0.0,5.647517702729535,5.647517702729535,52.33965762185432,52.33965762185432,40.64751770272953,1.6921399191247914,20.0,15.0,10.0,0.991539300404376,49.94923580242626,-1.6921399191247914,False,False,False,True,False,True
88,secured_dos_drop,dos_drop,True,2.085138289862442,5.656335740929396,7.741474030791839,49.82464643074754,49.82464643074754,40.99137747076526,0.0,20.0,13.24990343997342,8.83326895998228,1.0,50.0,0.0,True,False,False,True,True,True
89,secured_dos_drop,dos_drop,True,0.0,8.907033731627239,8.907033731627239,51.39589368131416,51.39589368131416,42.400349701439396,0.0,20.0,13.493315969812155,8.995543979874771,1.0,50.0,0.0,True,False,False,True,True,True
90,secured_dos_drop,dos_drop,True,0.004647084409250546,6.973921199501896,6.978568283911146,51.81322918251433,51.81322918251433,41.879364823073054,0.0,20.0,14.90079653916191,9.933864359441273,1.0,50.0,0.0,True,False,False,True,True,True
91,secured_dos_drop,dos_drop,True,2.883645582029599,6.045413212534909,8.929058794564508,49.79052705715918,49.79052705715918,41.44593975212131,0.0,20.0,12.516880957556802,8.344587305037868,1.0,50.0,0.0,True,False,False,True,True,True
92,secured_dos_drop,dos_drop,True,0.0,7.197986029158593,7.197986029158593,49.6114631413466,49.6114631413466,40.646072296471395,0.0,20.0,13.448086267312803,8.965390844875202,1.0,50.0,0.0,False,False,False,True,False,True
93,secured_dos_drop,dos_drop,True,1.59537099346268,8.357199042781032,9.952570036243712,51.04368483297976,51.04368483297976,42.60723891428534,0.0,20.0,12.654668878041626,8.436445918694417,1.0,50.0,0.0,True,False,False,True,True,True
94,secured_dos_drop,dos_drop,True,0.0,8.401726456989017,8.401726456989017,48.16316067057536,48.16316067057536,40.25858698514082,0.0,20.0,11.856860528151804,7.904573685434537,1.0,50.0,0.0,True,False,False,True,True,True
95,secured_dos_drop,dos_drop,True,0.0,5.644132900349942,5.644132900349942,50.15363252802295,50.15363252802295,40.349832676953746,7.105427357601002e-15,20.0,14.705699776603804,9.803799851069204,1.0,50.0,-7.105427357601002e-15,False,False,False,True,False,True
96,secured_dos_drop,dos_drop,True,0.0,8.770906910687932,8.770906910687932,47.000444959342055,47.000444959342055,39.70862973988041,0.0,20.0,10.937722829192472,7.291815219461649,1.0,50.0,0.0,True,False,False,True,True,True
97,secured_dos_drop,dos_drop,True,1.7900020336808309,5.711170598063392,7.501172631744223,49.06943464796977,49.06943464796977,40.44212984147955,7.105427357601002e-15,20.0,12.940957209735327,8.62730480649022,1.0,50.0,-7.105427357601002e-15,True,False,False,True,True,True
98,secured_dos_drop,dos_drop,True,2.2237984484604016,10.17613018659015,12.399928635050552,49.569508546955916,49.569508546955916,42.70167658219377,0.0,20.0,10.30174794714322,6.867831964762146,1.0,50.0,0.0,True,False,False,True,True,True
99,secured_dos_drop,dos_drop,True,0.0,7.4432286437217705,7.4432286437217705,48.50723333199551,48.50723333199551,40.08163145668601,0.0,20.0,12.638402812964245,8.425601875309496,1.0,50.0,0.0,True,False,False,True,True,True
100,secured_dos_drop,dos_drop,True,0.0,6.7667327096419925,6.7667327096419925,47.223403264940146,47.223403264940146,39.040735042820884,0.0,20.0,12.274002333178892,8.182668222119261,1.0,50.0,0.0,True,False,False,True,True,True
101,secured_dos_drop,dos_drop,True,0.0,5.3860479246511375,5.3860479246511375,45.77348987270804,45.77348987270804,37.61851309348528,0.0,20.0,12.23246516883414,8.154976779222762,1.0,50.0,0.0,True,False,False,True,True,True
102,secured_dos_drop,dos_drop,True,2.181531718270982,8.054677538678117,10.236209256949099,48.73561270174857,48.73561270174857,41.33585132382878,7.105427357601002e-15,20.0,11.099642066879682,7.399761377919788,1.0,50.0,-7.105427357601002e-15,True,False,False,True,True,True
103,secured_dos_drop,dos_drop,True,0.0,10.449331680663462,10.449331680663462,45.707179751892475,45.707179751892475,39.60404052340087,0.0,20.0,9.154708842737408,6.103139228491605,1.0,50.0,0.0,False,False,False,True,False,True
104,secured_dos_drop,dos_drop,True,2.9779380029729525,5.7552562200346795,8.733194223007633,45.98506098838366,45.98506098838366,39.084314282233244,7.105427357601002e-15,20.0,10.351120059225613,6.900746706150409,1.0,50.0,-7.105427357601002e-15,False,False,False,True,False,True
105,secured_dos_drop,dos_drop,True,2.869748283569649,11.24627452320146,14.11602280677111,46.5845111724813,46.5845111724813,41.38955303396767,0.0,19.481093019426112,7.792437207770444,5.1949581385136305,1.0,50.0,0.0,True,False,False,True,True,True
106,secured_dos_drop,dos_drop,True,0.0,10.40866977334786,10.40866977334786,46.775810982088245,46.775810982088245,40.22895449859209,0.0,20.0,9.82028472524423,6.546856483496155,1.0,50.0,0.0,True,False,False,True,True,True
107,secured_dos_drop,dos_drop,True,1.5446392036000258,7.575219597762391,9.119858801362417,44.851720508408555,44.851720508408555,38.558975825590096,0.0,20.0,9.43911702422768,6.292744682818455,1.0,50.0,0.0,True,False,False,True,True,True
108,secured_dos_drop,dos_drop,True,2.4930593846298406,11.033024032029353,13.526083416659194,46.81872991273775,46.81872991273775,41.49190647336518,0.0,19.975587897647134,7.990235159058855,5.326823439372571,1.0,50.0,7.105427357601002e-15,True,False,False,True,True,True
109,secured_dos_drop,dos_drop,True,2.5151220043940823,8.011746797281162,10.526868801675246,44.17635638605699,44.17635638605699,38.71656135230429,0.0,20.0,8.189692550629047,5.459795033752698,1.0,50.0,7.105427357601002e-15,False,False,False,True,False,True
110,secured_dos_drop,dos_drop,True,1.0478199160381694,7.858949653002758,8.906769569040927,44.1333223353694,44.1333223353694,38.04270122883801,0.0,20.0,9.135931659797084,6.09062110653139,1.0,50.0,0.0,False,False,False,True,False,True
111,secured_dos_drop,dos_drop,True,0.9370948164014217,7.133218227476879,8.0703130438783,44.506197803722436,44.506197803722436,37.93184389978478,0.0,20.0,9.861530855906482,6.574353903937654,1.0,50.0,0.0,True,False,False,True,True,True
112,secured_dos_drop,dos_drop,True,0.0,7.331145922470595,7.331145922470595,44.83037485798303,44.83037485798303,37.83068328377806,0.0,20.0,10.49953736130746,6.999691574204974,1.0,50.0,0.0,False,False,False,True,False,True
113,secured_dos_drop,dos_drop,True,1.9524380901770861,11.570178716262836,13.522616806439922,46.11468133978271,46.11468133978271,40.899951014447865,0.0,19.555238720005676,7.82209548800227,5.214730325334847,1.0,50.0,0.0,True,False,False,True,True,True
114,secured_dos_drop,dos_drop,True,0.2715466796201227,12.787698232962569,13.059244912582692,46.01886324354544,46.01886324354544,40.7453243105914,0.0,19.77577099857765,7.9103083994310595,5.27353893295404,1.0,50.0,0.0,False,False,False,True,False,True
115,secured_dos_drop,dos_drop,True,2.4082000648474233,9.239967495622086,11.64816756046951,45.89925406629428,45.89925406629428,40.19881946396437,0.0,20.0,8.550651903494863,5.70043460232991,1.0,50.0,0.0,True,False,False,True,True,True
116,secured_dos_drop,dos_drop,True,1.5417932181385883,8.803196095400173,10.344989313538761,45.18922167322313,45.18922167322313,39.25152872934938,0.0,20.0,8.906539415810622,5.937692943873747,1.0,50.0,0.0,True,False,False,True,True,True
117,secured_dos_drop,dos_drop,True,0.0,11.511815614715943,11.511815614715943,46.71728223950057,46.71728223950057,40.63509558958672,0.0,20.0,9.123279974870776,6.082186649913851,1.0,50.0,0.0,True,False,False,True,True,True
118,secured_dos_drop,dos_drop,True,0.0,9.296050392877262,9.296050392877262,45.28630769662577,45.28630769662577,38.890204775126364,0.0,20.0,9.594154382249103,6.396102921499404,1.0,50.0,0.0,True,False,False,True,True,True
119,secured_dos_drop,dos_drop,True,2.4047632483155708,12.720238516976636,15.125001765292208,44.700897718665395,44.700897718665395,39.96875436612568,7.105427357601002e-15,17.745537572023913,7.098215028809564,4.73214335253971,1.0,50.0,-7.105427357601002e-15,False,False,False,True,False,True
120,secured_dos_drop,dos_drop,True,0.0,11.577880817718846,11.577880817718846,43.34059651260242,43.34059651260242,38.25856200142104,0.0,19.05762941693014,7.623051766772058,5.082034511181373,1.0,50.0,0.0,True,False,False,True,True,True
121,secured_dos_drop,dos_drop,True,3.7725053499715075,10.164954055760276,13.937459405731783,45.162235299525236,45.162235299525236,40.166271156518285,0.0,18.73486553627607,7.493946214510428,4.995964143006953,1.0,50.0,0.0,False,False,False,True,False,True
122,secured_dos_drop,dos_drop,True,2.3573425411985616,13.915384924827379,16.27272746602594,44.13682982481187,44.13682982481187,39.67857344740612,0.0,16.718461415271555,6.687384566108624,4.458256377405749,1.0,50.0,0.0,False,False,False,True,False,True
123,secured_dos_drop,dos_drop,True,2.0966281738371455,10.66414859713513,12.760776770972274,45.698745820954976,45.698745820954976,40.428670772957744,0.0,19.76278142998962,7.905112571995847,5.270075047997231,1.0,50.0,0.0,False,False,False,True,False,True
124,secured_dos_drop,dos_drop,True,7.316660261915444,13.479975294590778,20.79663555650622,44.91269513626585,44.91269513626585,41.05412560350431,0.0,14.46963574785578,5.787854299142311,3.8585695327615417,1.0,50.0,0.0,True,False,False,True,True,True
125,secured_dos_drop,dos_drop,True,6.195198132518868,16.48697716627268,22.68217529879155,43.48952701534158,43.48952701534158,40.16035074069357,0.0,12.484411029930017,4.993764411972008,3.329176274648005,1.0,50.0,0.0,True,False,False,True,True,True
126,secured_dos_drop,dos_drop,True,11.835193924969285,14.950302989591702,26.785496914560987,46.2551375724304,46.2551375724304,43.13999506717129,0.0,11.681784394721648,4.672713757888658,3.115142505259106,1.0,50.0,0.0,True,False,False,True,True,True
127,secured_dos_drop,dos_drop,True,10.040174507289922,13.138717843463304,23.178892350753227,46.03890803700095,46.03890803700095,42.38130552720131,0.0,13.716009411748635,5.486403764699453,3.657602509799636,1.0,50.0,0.0,False,False,False,True,False,True
128,secured_dos_drop,dos_drop,True,14.136175307449037,12.70222871938351,26.83840402683255,44.4089937401412,44.4089937401412,41.59769938601181,0.0,10.54235382798519,4.216941531194076,2.8112943541293838,1.0,50.0,0.0,False,False,False,True,False,True
129,secured_dos_drop,dos_drop,True,16.05381972949659,14.051204609945362,30.10502433944195,44.35360563903385,44.35360563903385,42.073832631099144,7.105427357601002e-15,8.549148779755141,3.419659511902056,2.279773007934704,1.0,50.0,-7.105427357601002e-15,True,False,False,True,True,True
130,secured_dos_drop,dos_drop,True,15.007737365812657,15.165835611151527,30.173572976964184,47.02208095012905,47.02208095012905,44.32631967442267,0.0,10.10910478389892,4.0436419135595685,2.6957612757063796,1.0,50.0,0.0,False,False,False,True,False,True
131,secured_dos_drop,dos_drop,True,14.316322058622028,16.49711126750237,30.813433326124397,45.683785803200244,45.683785803200244,43.304529406868106,0.0,8.922211486245509,3.5688845944982033,2.379256396332136,1.0,50.0,0.0,True,False,False,True,True,True
132,secured_dos_drop,dos_drop,True,20.16769543992162,15.638487669011631,35.806183108933254,47.65217685665611,47.65217685665611,45.75681785702045,7.105427357601002e-15,7.1075962486337145,2.843038499453486,1.8953589996356572,1.0,50.0,-7.105427357601002e-15,True,False,False,True,True,True
133,secured_dos_drop,dos_drop,True,16.694913100918342,14.766703746828698,31.461616847747038,47.94243026932044,47.94243026932044,45.3055001218687,0.0,9.88848805294404,3.955395221177616,2.6369301474517446,1.0,50.0,0.0,True,False,False,True,True,True
134,secured_dos_drop,dos_drop,True,20.494787789592298,18.415834896539934,38.91062268613223,47.82845681293265,47.82845681293265,46.401603352644585,0.0,5.350700476080253,2.140280190432101,1.4268534602880676,1.0,50.0,0.0,True,False,False,True,True,True
135,secured_dos_drop,dos_drop,True,21.23571760004548,15.31906457583526,36.55478217588074,45.47326968585637,45.47326968585637,44.04631168426027,7.105427357601002e-15,5.35109250598538,2.1404370023941524,1.4269580015961014,1.0,50.0,-7.105427357601002e-15,True,False,False,True,True,True
136,secured_dos_drop,dos_drop,True,22.752451012897865,14.186411419930247,36.93886243282811,47.89324041664128,47.89324041664128,46.14053993923117,0.0,6.5726267902879,2.6290507161151604,1.752700477410107,1.0,50.0,0.0,True,False,False,True,True,True
137,secured_dos_drop,dos_drop,True,22.285246722020013,19.40830370277358,41.69355042479359,49.34292561733382,49.34292561733382,48.119025586527385,0.0,4.589625115524136,1.8358500462096543,1.2239000308064363,1.0,50.0,0.0,False,False,False,True,False,True
138,secured_dos_drop,dos_drop,True,22.023367770574406,19.846978201757906,41.870345972332316,46.23208192910648,46.23208192910648,45.53420417602261,0.0,2.617041574064497,1.0468166296257988,0.697877753083866,1.0,50.0,0.0,True,False,True,False,False,True
139,secured_dos_drop,dos_drop,True,27.993677445472,20.52124745558214,48.514924901054144,46.41188438766199,46.41188438766199,46.41188438766199,0.0,0.0,0.0,0.0,1.0105152025669608,50.06309121540176,2.103040513392152,True,False,True,False,False,True
140,secured_dos_drop,dos_drop,True,24.09458574576625,17.578507771253072,41.673093517019325,49.82116395075324,46.41188438766199,41.673093517019325,8.148070433733913,0.0,0.0,0.0,0.9592596478313304,49.75555788698798,-8.148070433733913,True,False,True,True,True,True
141,secured_dos_drop,dos_drop,True,29.300368172780935,15.293514268326053,44.593882441106985,47.91958871109158,47.91958871109158,47.38747570789404,0.0,1.9954237619907558,0.7981695047963024,0.532113003197535,1.0,50.0,7.105427357601002e-15,True,False,True,False,False,True
142,secured_dos_drop,dos_drop,True,25.42403569833673,15.623707822417273,41.047743520754004,50.634632405006066,47.91958871109158,43.84133678754107,6.261182614267462,1.9954237619907558,0.7981695047963024,0.532113003197535,0.9686940869286627,49.81216452157198,-6.261182614267462,True,False,True,True,True,True
143,secured_dos_drop,dos_drop,True,26.780486806823088,18.21479527427981,44.9952820811029,49.68618791658793,49.68618791658793,48.93564298291033,0.0,2.81454350129102,1.1258174005164079,0.7505449336776053,1.0,50.0,0.0,True,False,True,False,False,True
144,secured_dos_drop,dos_drop,True,26.932162799049753,16.150692222592323,43.082855021642075,49.50854999606679,49.50854999606679,48.480438800158836,0.0,3.8554169846548287,1.542166793861932,1.0281111959079545,1.0,50.0,0.0,True,False,True,False,False,True
145,secured_dos_drop,dos_drop,True,28.884137949367833,16.289865055144098,45.17400300451193,49.16668450647344,49.50854999606679,48.138573310565484,0.0,3.8554169846548287,1.542166793861932,1.0281111959079545,1.0121650673623162,50.07299040417389,2.433013472463209,False,False,True,True,False,True
146,secured_dos_drop,dos_drop,True,29.82087776352086,16.530117691175736,46.350995454696594,50.87550343098686,50.87550343098686,50.15158215478042,0.0,2.7147047857741597,1.0858819143096639,0.7239212762064426,1.0,50.0,0.0,True,False,True,False,False,True
147,secured_dos_drop,dos_drop,True,31.282794517870812,19.096944747923445,50.37973926579426,52.3303310715364,52.3303310715364,52.01823638261766,0.0,1.1703550834452854,0.4681420333781143,0.31209468891874287,1.0,50.0,0.0,True,False,True,False,False,True
148,secured_dos_drop,dos_drop,True,30.821822220964744,21.41418467325999,52.23600689422473,51.71416088457586,52.3303310715364,51.40206619565712,0.0,1.1703550834452854,0.4681420333781143,0.31209468891874287,1.012362189076955,50.07417313446173,2.472437815391011,False,False,True,True,False,True
149,secured_dos_drop,dos_drop,True,29.177472635304447,18.61685085342739,47.794323488731834,53.03474806630696,53.03474806630696,52.19628013389494,0.0,3.1442547465450756,1.2577018986180304,0.8384679324120203,1.0,50.0,0.0,True,False,True,False,False,True
150,secured_dos_drop,dos_drop,True,28.604193165093285,20.123368213957157,48.72756137905044,52.919120850557796,53.03474806630696,52.08065291814577,0.0,3.1442547465450756,1.2577018986180304,0.8384679324120203,1.005244325530339,50.031465953182035,1.0488651060677725,False,False,True,True,False,True
151,secured_dos_drop,dos_drop,True,29.47661441397944,17.558752821515682,47.03536723549512,51.60214410170398,51.60214410170398,50.87145980311056,0.0,2.740066119725313,1.0960264478901252,0.7306842985934168,1.0,50.0,0.0,True,False,True,False,False,True
152,secured_dos_drop,dos_drop,True,27.093711385593338,20.522108900418818,47.61582028601215,51.82100111922173,51.60214410170398,51.09031682062831,0.0,2.740066119725313,1.0960264478901252,0.7306842985934168,1.0018079801649964,50.01084788098998,0.3615960329992802,False,False,True,True,False,True
153,secured_dos_drop,dos_drop,True,27.71645729347108,17.60223964752702,45.3186969409981,54.768849753769814,51.60214410170398,49.15478950861354,4.8833759465628575,2.740066119725313,1.0960264478901252,0.7306842985934168,0.9755831202671857,49.85349872160312,-4.8833759465628575,False,False,True,True,False,True
154,secured_dos_drop,dos_drop,True,28.232556074838904,22.42918742135093,50.661743496189835,54.0231201042048,51.60214410170398,53.29243580561138,0.0,2.740066119725313,1.0960264478901252,0.7306842985934168,1.0060270012909696,50.036162007745816,1.2054002581938903,False,False,True,True,False,True
155,secured_dos_drop,dos_drop,True,28.303208306840695,17.236932581368198,45.540140888208896,55.05448542083488,51.60214410170398,49.376233455824334,4.947567666417129,2.740066119725313,1.0960264478901252,0.7306842985934168,0.9752621616679144,49.85157297000749,-4.947567666417129,True,False,True,True,True,True
156,secured_dos_drop,dos_drop,True,27.979303796190557,21.289103905608453,49.268407701799006,54.710426297752676,54.710426297752676,53.83970332240009,0.0,3.265211157572202,1.3060844630288806,0.8707229753525871,1.0,50.0,0.0,True,False,True,False,False,True
157,secured_dos_drop,dos_drop,True,25.717351865995898,21.299832636398605,47.0171845023945,55.14340413707932,54.710426297752676,51.588480122995584,2.6842010387311532,3.265211157572202,1.3060844630288806,0.8707229753525871,0.9865789948063443,49.91947396883806,-2.6842010387311532,True,False,True,True,True,True
158,secured_dos_drop,dos_drop,True,26.29749316035016,19.525475749576195,45.82296890992636,55.95751850348909,54.710426297752676,50.394264530527444,4.692530997609062,3.265211157572202,1.3060844630288806,0.8707229753525871,0.9765373450119547,49.859224070071726,-4.692530997609062,True,False,True,True,True,True
159,secured_dos_drop,dos_drop,True,24.475690990444505,17.03515689508105,41.51084788552556,57.7027721265035,54.710426297752676,46.08214350612664,10.74990564502427,3.265211157572202,1.3060844630288806,0.8707229753525871,0.9462504717748786,49.677502830649274,-10.74990564502427,True,False,True,True,True,True
160,secured_dos_drop,dos_drop,True,27.38103191501246,21.52823507914551,48.909266994157974,57.08546804880024,54.710426297752676,53.48056261475906,2.7341824586885934,3.265211157572202,1.3060844630288806,0.8707229753525871,0.986329087706557,49.91797452623934,-2.7341824586885934,False,False,True,True,False,True
161,secured_dos_drop,dos_drop,True,22.759468296956186,17.347667008788722,40.107135305744904,54.69143003243405,54.710426297752676,44.67843092634599,9.142276130735475,3.265211157572202,1.3060844630288806,0.8707229753525871,0.9542886193463226,49.72573171607794,-9.142276130735475,True,False,True,True,True,True
162,secured_dos_drop,dos_drop,True,24.062552668558137,18.171296914065916,42.23384958262405,55.051194811103706,54.710426297752676,46.80514520322514,7.375326632525983,3.265211157572202,1.3060844630288806,0.8707229753525871,0.9631233668373701,49.77874020102422,-7.375326632525983,True,False,True,True,True,True
163,secured_dos_drop,dos_drop,True,26.115025385026023,20.113447122302414,46.22847250732843,58.71918866979701,54.710426297752676,50.79976812792952,7.04869756651491,3.265211157572202,1.3060844630288806,0.8707229753525871,0.9647565121674254,49.78853907300455,-7.04869756651491,True,False,True,True,True,True
164,secured_dos_drop,dos_drop,True,24.326694273071155,17.597758927077155,41.92445320014831,57.563843800895704,54.710426297752676,46.49574882074939,10.197372004793728,3.265211157572202,1.3060844630288806,0.8707229753525871,0.9490131399760313,49.69407883985619,-10.197372004793728,True,False,True,True,True,True
165,secured_dos_drop,dos_drop,True,18.99437786240439,19.984905914513813,38.97928377691821,58.26574335154822,54.710426297752676,43.55057939751929,13.844440978676339,3.265211157572202,1.3060844630288806,0.8707229753525871,0.9307777951066183,49.58466677063971,-13.844440978676339,False,False,True,True,False,True
166,secured_dos_drop,dos_drop,True,17.786190699320294,19.511151152793083,37.29734185211338,58.19583350345775,54.710426297752676,41.86863747271446,15.456473055390703,3.265211157572202,1.3060844630288806,0.8707229753525871,0.9227176347230465,49.53630580833828,-15.456473055390703,False,False,True,True,False,True
167,secured_dos_drop,dos_drop,True,21.253401657943922,19.04558211471978,40.2989837726637,58.30876010769967,54.710426297752676,44.87027939326479,12.567757739082296,3.265211157572202,1.3060844630288806,0.8707229753525871,0.9371612113045885,49.62296726782753,-12.567757739082296,True,False,True,True,True,True
168,secured_dos_drop,dos_drop,True,20.30724791518405,17.71948570876002,38.02673362394407,58.48762028124675,54.710426297752676,42.59802924454515,15.01886806134901,3.265211157572202,1.3060844630288806,0.8707229753525871,0.924905659693255,49.54943395815953,-15.01886806134901,False,False,True,True,False,True
169,secured_dos_drop,dos_drop,True,19.33294407717403,18.89992160688258,38.232865684056605,57.64860420991758,54.710426297752676,42.80416130465769,13.973719929907304,3.265211157572202,1.3060844630288806,0.8707229753525871,0.9301314003504635,49.58078840210278,-13.973719929907304,False,False,True,True,False,True
170,secured_dos_drop,dos_drop,True,16.496741166445325,20.115969720664964,36.61271088711029,58.66766244251228,54.710426297752676,41.18400650771137,16.612932959448322,3.265211157572202,1.3060844630288806,0.8707229753525871,0.9169353352027584,49.50161201121655,-16.612932959448322,True,False,True,True,True,True
171,secured_dos_drop,dos_drop,True,13.43546984485759,19.16703796880356,32.60250781366115,60.119636243438315,54.710426297752676,37.17380343426223,22.075109833823497,3.265211157572202,1.3060844630288806,0.8707229753525871,0.8896244508308825,49.33774670498529,-22.075109833823497,False,False,True,True,False,True
172,secured_dos_drop,dos_drop,True,14.453856698886609,16.944645266864082,31.39850196575069,60.187755491520306,54.710426297752676,35.969797586351774,23.347234929815947,3.265211157572202,1.3060844630288806,0.8707229753525871,0.8832638253509203,49.299582952105524,-23.347234929815947,False,False,True,True,False,True
173,secured_dos_drop,dos_drop,True,11.719448451838327,16.96081559061714,28.68026404245547,61.73569245756463,54.710426297752676,33.251559663056554,27.613409819155493,3.265211157572202,1.3060844630288806,0.8707229753525871,0.8619329509042225,49.171597705425334,-27.613409819155493,False,False,True,True,False,True
174,secured_dos_drop,dos_drop,True,9.31726003544906,17.60024836056149,26.91750839601055,63.190682984763015,54.710426297752676,31.488804016611635,30.831155992798795,3.265211157572202,1.3060844630288806,0.8707229753525871,0.845844220036006,49.075065320216034,-30.831155992798795,True,False,True,True,True,True
175,secured_dos_drop,dos_drop,True,10.177070470647456,17.437551943145742,27.6146224137932,63.42190724349352,54.710426297752676,32.185918034394284,30.365266233746652,3.265211157572202,1.3060844630288806,0.8707229753525871,0.8481736688312668,49.0890420129876,-30.365266233746652,True,False,True,True,True,True
176,secured_dos_drop,dos_drop,True,6.463715145690563,18.68715648669381,25.150871632384373,63.624976219630256,54.710426297752676,29.722167252985457,33.03208599129221,3.265211157572202,1.3060844630288806,0.8707229753525871,0.8348395700435389,49.00903742026124,-33.03208599129221,True,False,True,True,True,True
177,secured_dos_drop,dos_drop,True,3.4207057456795216,15.307439785776012,18.72814553145553,63.555807416686406,54.710426297752676,23.299441152056616,39.385643289277205,3.265211157572202,1.3060844630288806,0.8707229753525871,0.803071783553614,48.81843070132168,-39.385643289277205,False,False,True,True,False,True
178,secured_dos_drop,dos_drop,True,0.2648805898240707,16.684315861453697,16.949196451277768,62.0412189939814,54.710426297752676,21.520492071878852,39.65000394674996,3.265211157572202,1.3060844630288806,0.8707229753525871,0.8017499802662502,48.8104998815975,-39.65000394674996,True,False,True,True,True,True
179,secured_dos_drop,dos_drop,True,0.0,15.750137876343437,15.750137876343437,62.6567267401703,54.710426297752676,20.321433496944522,41.46457026787319,3.265211157572202,1.3060844630288806,0.8707229753525871,0.7926771486606341,48.75606289196381,-41.46457026787319,True,False,True,True,True,True
180,secured_dos_drop,dos_drop,True,1.6689374693859347,17.738695705003874,19.407633174389808,64.8122737912863,54.710426297752676,23.978928794990892,39.962622020942824,3.265211157572202,1.3060844630288806,0.8707229753525871,0.8001868898952859,48.80112133937172,-39.962622020942824,True,False,True,True,True,True
181,secured_dos_drop,dos_drop,True,1.6642117136196903,14.528108799226244,16.192320512845935,62.794015619260534,54.710426297752676,20.76361613344702,41.159676510460926,3.265211157572202,1.3060844630288806,0.8707229753525871,0.7942016174476954,48.76520970468617,-41.159676510460926,True,False,True,True,True,True
182,secured_dos_drop,dos_drop,True,0.4808424836179932,14.039780791514406,14.5206232751324,61.90724504564654,54.710426297752676,19.09191889573348,41.94460317456047,3.265211157572202,1.3060844630288806,0.8707229753525871,0.7902769841271977,48.741661904763184,-41.94460317456047,True,False,True,True,True,True
183,secured_dos_drop,dos_drop,True,2.4952354342398353,14.933825423180195,17.42906085742003,65.60098490325572,54.710426297752676,22.000356478021114,42.72990544988201,3.265211157572202,1.3060844630288806,0.8707229753525871,0.7863504727505899,48.71810283650354,-42.72990544988201,False,False,True,True,False,True
184,secured_dos_drop,dos_drop,True,0.0,16.186157244841027,16.186157244841027,64.56381734381654,54.710426297752676,20.75745286544211,42.93564150302184,3.265211157572202,1.3060844630288806,0.8707229753525871,0.7853217924848908,48.711930754909346,-42.93564150302184,False,False,True,True,False,True
185,secured_dos_drop,dos_drop,True,2.484757953175988,16.06504969217891,18.549807645354896,64.9079888925302,54.710426297752676,23.12110326595598,40.916162651221626,3.265211157572202,1.3060844630288806,0.8707229753525871,0.7954191867438919,48.77251512046335,-40.916162651221626,False,False,True,True,False,True
186,secured_dos_drop,dos_drop,True,0.0,15.37232635393235,15.37232635393235,62.64475131704166,54.710426297752676,19.943621974533432,41.830406367155646,3.265211157572202,1.3060844630288806,0.8707229753525871,0.7908479681642218,48.74508780898533,-41.830406367155646,True,False,True,True,True,True
187,secured_dos_drop,dos_drop,True,1.2594837395496556,13.802543474049585,15.06202721359924,63.0717686644207,54.710426297752676,19.633322834200325,42.567722854867796,3.265211157572202,1.3060844630288806,0.8707229753525871,0.787161385725661,48.72296831435396,-42.567722854867796,True,False,True,True,True,True
188,secured_dos_drop,dos_drop,True,1.0828021780455996,13.493441629854846,14.576243807900447,66.35256373773142,54.710426297752676,19.14753942850153,46.33430133387729,3.265211157572202,1.3060844630288806,0.8707229753525871,0.7683284933306136,48.609970959983684,-46.33430133387729,True,False,True,True,True,True
189,secured_dos_drop,dos_drop,True,0.0,13.93852108678162,13.93852108678162,65.35218905064892,54.710426297752676,18.509816707382704,45.97164936791362,3.265211157572202,1.3060844630288806,0.8707229753525871,0.7701417531604319,48.62085051896259,-45.97164936791362,True,False,True,True,True,True
190,secured_dos_drop,dos_drop,True,2.1950587323797244,12.1013529301429,14.296411662522624,64.6130188571945,54.710426297752676,18.867707283123707,44.87458859871821,3.265211157572202,1.3060844630288806,0.8707229753525871,0.775627057006409,48.653762342038455,-44.87458859871821,False,False,True,True,False,True
191,secured_dos_drop,dos_drop,True,0.0,13.894745696166002,13.894745696166002,62.91516546733311,54.710426297752676,18.466041316767086,43.57840117521344,3.265211157572202,1.3060844630288806,0.8707229753525871,0.7821079941239328,48.6926479647436,-43.57840117521344,True,False,True,True,True,True
192,secured_dos_drop,dos_drop,True,0.0,11.033335815638868,11.033335815638868,63.85124085466037,54.710426297752676,15.60463143623995,47.375886443067834,3.265211157572202,1.3060844630288806,0.8707229753525871,0.7631205677846609,48.578723406707965,-47.375886443067834,True,False,True,True,True,True
193,secured_dos_drop,dos_drop,True,0.0,14.624158025372903,14.624158025372903,63.66843087787859,54.710426297752676,19.195453645973988,43.602254256552015,3.265211157572202,1.3060844630288806,0.8707229753525871,0.7819887287172399,48.69193237230344,-43.602254256552015,True,False,True,True,True,True
194,secured_dos_drop,dos_drop,True,0.0,9.820415856121205,9.820415856121205,64.38480411431412,54.710426297752676,14.391711476722287,49.12236966223925,3.265211157572202,1.3060844630288806,0.8707229753525871,0.7543881516888038,48.526328910132825,-49.12236966223925,True,False,True,True,True,True
195,secured_dos_drop,dos_drop,True,1.3369698732516424,14.927456761026042,16.264426634277683,64.77833276699867,54.710426297752676,20.835722254878768,43.07188753676732,3.265211157572202,1.3060844630288806,0.8707229753525871,0.7846405623161634,48.70784337389698,-43.07188753676732,True,False,True,True,True,True
196,secured_dos_drop,dos_drop,True,2.9365597074213765,14.187254960744937,17.123814668166315,65.8082087917879,54.710426297752676,21.6951102887674,43.24237552766792,3.265211157572202,1.3060844630288806,0.8707229753525871,0.7837881223616604,48.702728734169966,-43.24237552766792,False,False,True,True,False,True
197,secured_dos_drop,dos_drop,True,0.0,10.314874559914779,10.314874559914779,63.64813689652911,54.710426297752676,14.886170180515862,47.89124374066066,3.265211157572202,1.3060844630288806,0.8707229753525871,0.7605437812966966,48.56326268778018,-47.89124374066066,False,False,True,True,False,True
198,secured_dos_drop,dos_drop,True,0.0,9.531553056087224,9.531553056087224,64.58946506607278,54.710426297752676,14.102848676688307,49.61589341403189,3.265211157572202,1.3060844630288806,0.8707229753525871,0.7519205329298406,48.511523197579045,-49.61589341403189,True,False,True,True,True,True
199,secured_dos_drop,dos_drop,True,0.0,13.168281599155355,13.168281599155355,66.18040539413091,54.710426297752676,17.739577219756438,47.57010519902188,3.265211157572202,1.3060844630288806,0.8707229753525871,0.7621494740048906,48.572896844029344,-47.57010519902188,True,False,True,True,True,True
200,secured_dos_drop,dos_drop,True,0.0,12.322293658896422,12.322293658896422,64.47671236348556,54.710426297752676,16.893589279497505,46.71240010863547,3.265211157572202,1.3060844630288806,0.8707229753525871,0.7664379994568227,48.59862799674094,-46.71240010863547,False,False,True,True,False,True
201,secured_dos_drop,dos_drop,True,2.7476279934011787,8.359741136423745,11.107369129824924,62.94255800750071,54.710426297752676,15.678664750426007,46.393170281722114,3.265211157572202,1.3060844630288806,0.8707229753525871,0.7680341485913894,48.60820489154834,-46.393170281722114,False,False,True,True,False,True
202,secured_dos_drop,dos_drop,True,0.0,12.162119287890123,12.162119287890123,66.4411528423023,54.710426297752676,16.733414908491206,48.837014958458504,3.265211157572202,1.3060844630288806,0.8707229753525871,0.7558149252077075,48.534889551246245,-48.837014958458504,False,False,True,True,False,True
203,secured_dos_drop,dos_drop,True,1.7729090190600925,7.933766011780957,9.70667503084105,63.07168556299715,54.710426297752676,14.277970651442132,47.922991936202436,3.265211157572202,1.3060844630288806,0.8707229753525871,0.7603850403189878,48.56231024191393,-47.922991936202436,True,False,True,True,True,True
204,secured_dos_drop,dos_drop,True,2.2686525796728327,7.3211049578147245,9.589757537487557,63.56844981280924,54.710426297752676,14.16105315808864,48.536673679368015,3.265211157572202,1.3060844630288806,0.8707229753525871,0.7573166316031599,48.54389978961896,-48.536673679368015,False,False,True,True,False,True
205,secured_dos_drop,dos_drop,True,2.099148524507129,6.763020640115626,8.862169164622756,63.92730034736523,54.710426297752676,13.433464785223839,49.62311258678881,3.265211157572202,1.3060844630288806,0.8707229753525871,0.751884437066056,48.51130662239633,-49.62311258678881,True,False,True,True,True,True
206,secured_dos_drop,dos_drop,True,0.0,10.287264319039247,10.287264319039247,65.17263484680859,54.710426297752676,14.85855993964033,49.44335193181567,3.265211157572202,1.3060844630288806,0.8707229753525871,0.7527832403409216,48.51669944204553,-49.44335193181567,True,False,True,True,True,True
207,secured_dos_drop,dos_drop,True,2.0366663417341915,11.763991746970508,13.800658088704699,62.20985522556761,54.710426297752676,18.37195370930578,42.967178540909245,3.265211157572202,1.3060844630288806,0.8707229753525871,0.7851641072954538,48.710984643772726,-42.967178540909245,True,False,True,True,True,True
208,secured_dos_drop,dos_drop,True,0.0,8.19202808516481,8.19202808516481,64.79082750340397,54.710426297752676,12.763323705765893,51.1567808222855,3.265211157572202,1.3060844630288806,0.8707229753525871,0.7442160958885725,48.465296575331436,-51.1567808222855,False,False,True,True,False,True
209,secured_dos_drop,dos_drop,True,0.0,9.795254149193127,9.795254149193127,62.97626819893563,54.710426297752676,14.36654976979421,47.73899545378883,3.265211157572202,1.3060844630288806,0.8707229753525871,0.7613050227310558,48.567830136386334,-47.73899545378883,True,False,True,True,True,True
210,secured_dos_drop,dos_drop,True,0.0,6.201137428407199,6.201137428407199,64.72208774415435,54.710426297752676,10.772433049008281,53.07893171979349,3.265211157572202,1.3060844630288806,0.8707229753525871,0.7346053414010325,48.40763204840619,-53.07893171979349,False,False,True,True,False,True
211,secured_dos_drop,dos_drop,True,1.8092457783625235,9.3383255237115,11.147571302074024,61.5342662086307,54.710426297752676,15.718866922675106,44.94467631060301,3.265211157572202,1.3060844630288806,0.8707229753525871,0.7752766184469849,48.65165971068191,-44.94467631060301,True,False,True,True,True,True
212,secured_dos_drop,dos_drop,True,0.0,11.127552931474568,11.127552931474568,64.66844056149876,54.710426297752676,15.69884855207565,48.09886903407052,3.265211157572202,1.3060844630288806,0.8707229753525871,0.7595056548296474,48.55703392897789,-48.09886903407052,True,False,True,True,True,True
213,secured_dos_drop,dos_drop,True,1.6191934742849643,5.675088378547528,7.294281852832492,62.19865683334489,54.710426297752676,11.865577473433575,49.46235638455873,3.265211157572202,1.3060844630288806,0.8707229753525871,0.7526882180772063,48.516129308463235,-49.46235638455873,False,False,True,True,False,True
214,secured_dos_drop,dos_drop,True,2.513033719964179,7.085590277892811,9.59862399785699,63.919043394055876,54.710426297752676,14.169919618458072,48.87840080024522,3.265211157572202,1.3060844630288806,0.8707229753525871,0.7556079959987739,48.53364797599264,-48.87840080024522,True,False,True,True,True,True
215,secured_dos_drop,dos_drop,True,0.07848026571061428,10.862427442451672,10.940907708162285,63.88679406891511,54.710426297752676,15.512203328763368,47.50386776479915,3.265211157572202,1.3060844630288806,0.8707229753525871,0.7624806611760042,48.574883967056024,-47.50386776479915,True,False,True,True,True,True
216,secured_dos_drop,dos_drop,True,0.0,9.881327463537051,9.881327463537051,62.76686464642634,54.710426297752676,14.452623084138134,47.443518586935625,3.265211157572202,1.3060844630288806,0.8707229753525871,0.7627824070653219,48.57669444239193,-47.443518586935625,False,False,True,True,False,True
217,secured_dos_drop,dos_drop,True,0.0,7.471050320272619,7.471050320272619,60.76690645272028,54.710426297752676,12.042345940873702,47.85383753649399,3.265211157572202,1.3060844630288806,0.8707229753525871,0.76073081231753,48.56438487390518,-47.85383753649399,True,False,True,True,True,True
218,secured_dos_drop,dos_drop,True,0.0,7.3652757495342,7.3652757495342,60.943526654724735,54.710426297752676,11.936571370135283,48.13623230923687,3.265211157572202,1.3060844630288806,0.8707229753525871,0.7593188384538156,48.55591303072289,-48.13623230923687,True,False,True,True,True,True
219,secured_dos_drop,dos_drop,True,0.0,5.142630903538986,5.142630903538986,62.69238994137372,54.710426297752676,9.713926524140069,52.10774044188106,3.265211157572202,1.3060844630288806,0.8707229753525871,0.7394612977905947,48.436767786743566,-52.10774044188106,True,False,True,True,True,True
220,secured_dos_drop,dos_drop,True,0.0,8.314378028792195,8.314378028792195,61.47422018718828,54.710426297752676,12.885673649393278,47.71782356244242,3.265211157572202,1.3060844630288806,0.8707229753525871,0.7614108821877879,48.56846529312673,-47.71782356244242,True,False,True,True,True,True
221,secured_dos_drop,dos_drop,True,0.7196406267311639,7.46011941841201,8.179760045143173,61.25432462293202,54.710426297752676,12.751055665744255,47.63254598183518,3.265211157572202,1.3060844630288806,0.8707229753525871,0.7618372700908241,48.57102362054494,-47.63254598183518,True,False,True,True,True,True
222,secured_dos_drop,dos_drop,True,0.0,7.396749989243334,7.396749989243334,60.11431051986216,54.710426297752676,11.968045609844417,47.275541934665156,3.265211157572202,1.3060844630288806,0.8707229753525871,0.7636222903266743,48.58173374196004,-47.275541934665156,True,False,True,True,True,True
223,secured_dos_drop,dos_drop,True,0.0,7.505302862585456,7.505302862585456,57.84134303862538,54.710426297752676,12.076598483186539,44.89402158008626,3.265211157572202,1.3060844630288806,0.8707229753525871,0.7755298920995687,48.65317935259741,-44.89402158008626,False,False,True,True,False,True
224,secured_dos_drop,dos_drop,True,0.0,7.816038329373965,7.816038329373965,61.389018218479734,54.710426297752676,12.387333949975048,48.1309612931521,3.265211157572202,1.3060844630288806,0.8707229753525871,0.7593451935342395,48.55607116120544,-48.1309612931521,True,False,True,True,True,True
225,secured_dos_drop,dos_drop,True,0.0,10.373692980296404,10.373692980296404,59.410053514081234,54.710426297752676,14.944988600897487,43.59434193783116,3.265211157572202,1.3060844630288806,0.8707229753525871,0.7820282903108442,48.692169741865065,-43.59434193783116,True,False,True,True,True,True
226,secured_dos_drop,dos_drop,True,0.0,8.809912085341306,8.809912085341306,58.30842766563201,54.710426297752676,13.381207705942389,44.05649698433704,3.265211157572202,1.3060844630288806,0.8707229753525871,0.7797175150783148,48.67830509046989,-44.05649698433704,True,False,True,True,True,True
227,secured_dos_drop,dos_drop,True,0.0,9.165245123907425,9.165245123907425,58.896513021245006,54.710426297752676,13.736540744508508,44.28924930138391,3.265211157572202,1.3060844630288806,0.8707229753525871,0.7785537534930804,48.67132252095848,-44.28924930138391,True,False,True,True,True,True
228,secured_dos_drop,dos_drop,True,0.38175379053018865,8.378387791095426,8.760141581625614,56.22242588822893,54.710426297752676,13.331437202226697,42.02026571064965,3.265211157572202,1.3060844630288806,0.8707229753525871,0.7898986714467517,48.73939202868051,-42.02026571064965,True,False,True,True,True,True
229,secured_dos_drop,dos_drop,True,0.0,8.237589144947833,8.237589144947833,58.77199270392733,54.710426297752676,12.808884765548916,45.09238496302583,3.265211157572202,1.3060844630288806,0.8707229753525871,0.7745380751848708,48.64722845110923,-45.09238496302583,True,False,True,True,True,True
230,secured_dos_drop,dos_drop,True,0.5591446645726075,11.643356497285534,12.202501161858141,56.176085302846445,54.710426297752676,16.773796782459222,38.53156554503464,3.265211157572202,1.3060844630288806,0.8707229753525871,0.8073421722748269,48.84405303364896,-38.53156554503464,True,False,True,True,True,True
231,secured_dos_drop,dos_drop,True,0.0,10.156236967277676,10.156236967277676,55.475178628980245,54.710426297752676,14.727532587878759,39.8769230657489,3.265211157572202,1.3060844630288806,0.8707229753525871,0.8006153846712555,48.803692308027536,-39.8769230657489,True,False,True,True,True,True
232,secured_dos_drop,dos_drop,True,0.0,7.217944081969212,7.217944081969212,56.99584851483414,54.710426297752676,11.789239702570296,44.33588583691126,3.265211157572202,1.3060844630288806,0.8707229753525871,0.7783205708154437,48.66992342489266,-44.33588583691126,True,False,True,True,True,True
233,secured_dos_drop,dos_drop,True,2.69839084668045,11.459867052592596,14.158257899273046,57.75514638510235,54.710426297752676,18.72955351987413,38.154869889875634,3.265211157572202,1.3060844630288806,0.8707229753525871,0.8092256505506218,48.85535390330373,-38.154869889875634,True,False,True,True,True,True
234,secured_dos_drop,dos_drop,True,0.0,11.174526085475463,11.174526085475463,55.34304026800085,54.710426297752676,15.745821706076546,38.726495586571716,3.265211157572202,1.3060844630288806,0.8707229753525871,0.8063675220671414,48.83820513240285,-38.726495586571716,True,False,True,True,True,True
235,secured_dos_drop,dos_drop,True,0.0,11.399480224103735,11.399480224103735,56.24412876796581,54.710426297752676,15.970775844704818,39.40262994790841,3.265211157572202,1.3060844630288806,0.8707229753525871,0.802986850260458,48.817921101562746,-39.40262994790841,True,False,True,True,True,True
236,secured_dos_drop,dos_drop,True,2.416172907756991,10.700403011052476,13.116575918809467,53.262852356600824,54.710426297752676,17.68787153941055,34.70425784183769,3.265211157572202,1.3060844630288806,0.8707229753525871,0.8264787107908116,48.95887226474487,-34.70425784183769,True,False,True,True,True,True
237,secured_dos_drop,dos_drop,True,0.0,9.425329056703038,9.425329056703038,53.125738449705395,54.710426297752676,13.996624677304121,38.25839079704869,3.265211157572202,1.3060844630288806,0.8707229753525871,0.8087080460147565,48.85224827608854,-38.25839079704869,True,False,True,True,True,True
238,secured_dos_drop,dos_drop,True,0.0,9.41594754569633,9.41594754569633,54.485639542230004,54.710426297752676,13.987243166297413,39.62767340058001,3.265211157572202,1.3060844630288806,0.8707229753525871,0.8018616329971,48.8111697979826,-39.62767340058001,True,False,True,True,True,True
239,secured_dos_drop,dos_drop,True,1.8534971766458916,12.678672763954975,14.532169940600866,52.13166887129372,54.710426297752676,19.10346556120195,32.15748033473918,3.265211157572202,1.3060844630288806,0.8707229753525871,0.8392125983263041,49.03527558995783,-32.15748033473918,False,False,True,True,False,True
240,secured_dos_drop,dos_drop,True,1.6298705950489012,11.085612547603692,12.715483142652593,52.19462138436917,54.710426297752676,17.286778763253675,34.037119645762914,3.265211157572202,1.3060844630288806,0.8707229753525871,0.8298144017711855,48.97888641062711,-34.037119645762914,True,False,True,True,True,True
241,secured_dos_drop,dos_drop,True,0.0,8.985812431101841,8.985812431101841,53.389452988536775,54.710426297752676,13.557108051702924,38.961621961481264,3.265211157572202,1.3060844630288806,0.8707229753525871,0.8051918901925936,48.83115134115556,-38.961621961481264,True,False,True,True,True,True
242,secured_dos_drop,dos_drop,True,3.33167346809172,11.352088383196827,14.683761851288548,53.29539948181404,54.710426297752676,19.255057471889632,33.169619034571824,3.265211157572202,1.3060844630288806,0.8707229753525871,0.8341519048271409,49.00491142896284,-33.169619034571824,True,False,True,True,True,True
243,secured_dos_drop,dos_drop,True,4.371188636531954,10.482765380055302,14.853954016587256,50.10809912276595,54.710426297752676,19.42524963718834,29.812126510225024,3.265211157572202,1.3060844630288806,0.8707229753525871,0.8509393674488749,49.10563620469325,-29.812126510225024,False,False,True,True,False,True
244,secured_dos_drop,dos_drop,True,6.8062162013796,14.30547377040672,21.11168997178632,53.669486863318326,54.710426297752676,25.682985592387404,27.115778295578338,3.265211157572202,1.3060844630288806,0.8707229753525871,0.8644211085221083,49.18652665113265,-27.115778295578338,False,False,True,True,False,True
245,secured_dos_drop,dos_drop,True,8.562856433970648,14.677371344820314,23.24022777879096,52.33892358065343,54.710426297752676,27.811523399392044,23.6566772059088,3.265211157572202,1.3060844630288806,0.8707229753525871,0.881716613970456,49.29029968382274,-23.6566772059088,True,False,True,True,True,True
246,secured_dos_drop,dos_drop,True,6.641049236423198,12.48497118861071,19.126020425033907,50.93791130662692,54.710426297752676,23.69731604563499,26.369872285639346,3.265211157572202,1.3060844630288806,0.8707229753525871,0.8681506385718033,49.20890383143082,-26.369872285639346,False,False,True,True,False,True
247,secured_dos_drop,dos_drop,True,13.314074547243788,11.838657125668172,25.152731672911962,49.745664956014615,54.710426297752676,29.724027293513046,19.150914687148983,3.265211157572202,1.3060844630288806,0.8707229753525871,0.9042454265642551,49.42547255938553,-19.150914687148983,True,False,True,True,True,True
248,secured_dos_drop,dos_drop,True,10.381074446127005,13.136082824701589,23.517157270828594,51.83659380755291,54.710426297752676,28.08845289142968,22.877417940770645,3.265211157572202,1.3060844630288806,0.8707229753525871,0.8856129102961467,49.313677461776884,-22.877417940770645,False,False,True,True,False,True
249,secured_dos_drop,dos_drop,True,14.255976693861037,14.024524874372023,28.28050156823306,51.87632112540203,54.710426297752676,32.85179718883414,18.153800961215303,3.265211157572202,1.3060844630288806,0.8707229753525871,0.9092309951939235,49.455385971163544,-18.153800961215303,True,False,True,True,True,True
250,secured_dos_drop,dos_drop,True,13.996533314907364,13.816428463780852,27.812961778688216,50.68133446112126,54.710426297752676,32.3842573992893,17.42635408647938,3.265211157572202,1.3060844630288806,0.8707229753525871,0.9128682295676032,49.47720937740562,-17.42635408647938,True,False,True,True,True,True
251,secured_dos_drop,dos_drop,True,15.493333513519868,15.909111848604883,31.40244536212475,50.38987711950362,54.710426297752676,35.973740982725836,13.545413161425202,3.265211157572202,1.3060844630288806,0.8707229753525871,0.9322729341928739,49.59363760515724,-13.545413161425202,False,False,True,True,False,True
252,secured_dos_drop,dos_drop,True,18.923815692742398,11.6519744773459,30.575790170088297,50.127722192831584,54.710426297752676,35.14708579068938,14.109913426789618,3.265211157572202,1.3060844630288806,0.8707229753525871,0.9294504328660519,49.57670259719631,-14.109913426789618,True,False,True,True,True,True
253,secured_dos_drop,dos_drop,True,18.357945739849853,14.661375630284894,33.01932137013475,47.703164941924115,54.710426297752676,37.59061699073583,9.241824975835698,3.265211157572202,1.3060844630288806,0.8707229753525871,0.9537908751208215,49.72274525072493,-9.241824975835698,False,False,True,True,False,True
254,secured_dos_drop,dos_drop,True,22.92110454106805,16.86299024992919,39.784094790997244,48.80658730499106,54.710426297752676,44.35539041159833,3.5804739180401484,3.265211157572202,1.3060844630288806,0.8707229753525871,0.9820976304097992,49.892585782458795,-3.5804739180401484,True,False,True,True,True,True
255,secured_dos_drop,dos_drop,True,18.626310686482167,16.288462584167824,34.91477327064999,49.43828395153298,54.710426297752676,39.48606889125107,9.081492084929323,3.265211157572202,1.3060844630288806,0.8707229753525871,0.9545925395753534,49.72755523745212,-9.081492084929323,True,False,True,True,True,True
256,secured_dos_drop,dos_drop,True,22.060010116758406,14.843335209568139,36.903345326326544,47.44554480720521,54.710426297752676,41.47464094692763,5.100180884924995,3.265211157572202,1.3060844630288806,0.8707229753525871,0.9744990955753751,49.84699457345225,-5.100180884924995,True,False,True,True,True,True
257,secured_dos_drop,dos_drop,True,24.533906345299446,17.069762841176974,41.603669186476424,47.97803907891448,47.97803907891448,46.958139896124386,0.0,3.824621935462832,1.529848774185133,1.0198991827900887,1.0,50.0,0.0,True,False,True,False,False,True
258,secured_dos_drop,dos_drop,True,24.08262634741797,13.20796409389928,37.29059044131725,45.513916068661366,47.97803907891448,42.64506115096521,1.8489557349060632,3.824621935462832,1.529848774185133,1.0198991827900887,0.9907552213254697,49.94453132795282,-1.8489557349060632,True,False,True,True,True,True
259,secured_dos_drop,dos_drop,True,25.088324498819436,16.05209582370416,41.140420322523596,47.38363805882441,47.38363805882441,46.38472322101628,0.0,3.745930641780488,1.4983722567121955,0.9989148378081303,1.0,50.0,0.0,True,False,True,False,False,True
260,secured_dos_drop,dos_drop,True,28.518174061219312,15.91576430971124,44.43393837093055,44.78131233476792,47.38363805882441,43.78239749695979,0.0,3.745930641780488,1.4983722567121955,0.9989148378081303,1.0294792188623172,50.1768753131739,5.895843772463444,False,False,True,True,False,True
261,secured_dos_drop,dos_drop,True,27.72023334779852,17.731012759085377,45.4512461068839,47.46584499990579,47.46584499990579,47.14350917702229,0.0,1.2087593358131343,0.48350373432525373,0.3223358228835025,1.0,50.0,0.0,True,False,True,False,False,True
262,secured_dos_drop,dos_drop,True,25.148709744230107,19.854546293574504,45.00325603780461,47.78088691418079,47.46584499990579,46.695519107943,0.7630319833542885,1.2087593358131343,0.48350373432525373,0.3223358228835025,0.9961848400832286,49.97710904049937,-0.7630319833542885,False,False,True,True,False,True
263,secured_dos_drop,dos_drop,True,26.200987008965424,14.999920695244244,41.20090770420967,44.87604793700732,47.46584499990579,42.89317077434806,1.6605413397757616,1.2087593358131343,0.48350373432525373,0.3223358228835025,0.9916972933011212,49.95018375980673,-1.6605413397757616,False,False,True,True,False,True
264,secured_dos_drop,dos_drop,True,27.8911591915381,16.536812733736756,44.42797192527486,47.47425759923933,47.47425759923933,46.98685189140501,7.105427357601002e-15,1.8277714043786815,0.7311085617514727,0.48740570783431514,1.0,50.0,-7.105427357601002e-15,True,False,True,False,False,True
265,secured_dos_drop,dos_drop,True,31.421300537184756,19.11092702605081,50.532227563235566,45.70650015834088,45.70650015834088,45.70650015834088,0.0,0.0,0.0,0.0,1.0241286370244733,50.14477182214684,4.825727404894685,True,False,True,False,False,True
266,secured_dos_drop,dos_drop,True,26.92787086186162,17.16720205142586,44.09507291328748,43.93519158355307,45.70650015834088,43.93519158355307,0.0,0.0,0.0,0.0,1.000799406648672,50.00479643989203,0.15988132973441083,False,False,True,True,False,True
267,secured_dos_drop,dos_drop,True,27.700481128091187,16.142795539829457,43.84327666792065,47.350663714001776,45.70650015834088,43.84327666792065,3.507387046081128,0.0,0.0,0.0,0.9824630647695943,49.89477838861757,-3.507387046081128,False,False,True,True,False,True
268,secured_dos_drop,dos_drop,True,32.74900363616455,16.881285745518575,49.63028938168313,46.149114892080206,46.149114892080206,46.149114892080206,0.0,0.0,0.0,0.0,1.0174058724480146,50.10443523468809,3.481174489602921,True,False,True,False,False,True
269,secured_dos_drop,dos_drop,True,30.689826675310293,18.394204251612823,49.08403092692312,46.53904416887202,46.149114892080206,46.53904416887202,0.0,0.0,0.0,0.0,1.0127249337902555,50.07634960274153,2.5449867580511025,False,False,True,True,False,True
270,secured_dos_drop,dos_drop,True,30.62790351890359,21.542188099159414,52.170091618063005,45.64289723588467,45.64289723588467,45.64289723588467,0.0,0.0,0.0,0.0,1.0326359719108917,50.19581583146535,6.527194382178337,True,False,True,False,False,True
271,secured_dos_drop,dos_drop,True,29.391026900844885,19.384237776650536,48.77526467749542,46.279454262974525,46.279454262974525,46.279454262974525,0.0,0.0,0.0,0.0,1.0124790520726046,50.074874312435625,2.4958104145208964,True,False,True,False,False,True
272,secured_dos_drop,dos_drop,True,31.050882659452352,16.358120815986243,47.409003475438595,46.01784869204175,46.01784869204175,46.01784869204175,0.0,0.0,0.0,0.0,1.0069557739169843,50.041734643501904,1.3911547833968427,True,False,True,False,False,True
273,secured_dos_drop,dos_drop,True,29.534726482166548,16.605213617223587,46.13994009939013,44.04738022091798,44.04738022091798,44.04738022091798,0.0,0.0,0.0,0.0,1.0104627993923607,50.062776796354164,2.0925598784721515,True,False,True,False,False,True
274,secured_dos_drop,dos_drop,True,30.19266914667134,16.636298915356953,46.828968062028295,46.44523919128655,44.04738022091798,46.44523919128655,0.0,0.0,0.0,0.0,1.0019186443537087,50.011511866122255,0.38372887074174855,False,False,True,True,False,True
275,secured_dos_drop,dos_drop,True,26.11666230825388,19.154039054193113,45.27070136244699,46.2583296070725,44.04738022091798,45.27070136244699,0.9876282446255047,0.0,0.0,0.0,0.9950618587768725,49.97037115266124,-0.9876282446255047,False,False,True,True,False,True
276,secured_dos_drop,dos_drop,True,30.5595715038488,20.227507296886174,50.787078800734974,45.19771943036235,45.19771943036235,45.19771943036235,0.0,0.0,0.0,0.0,1.0279467968518632,50.16768078111118,5.589359370372627,True,False,True,False,False,True
277,secured_dos_drop,dos_drop,True,27.66083637428482,19.841908374578658,47.50274474886348,46.53176096332078,45.19771943036235,46.53176096332078,0.0,0.0,0.0,0.0,1.0048549189277134,50.02912951356628,0.9709837855426997,False,False,True,True,False,True
278,secured_dos_drop,dos_drop,True,26.941221248405647,21.45426709833525,48.3954883467409,44.58082590981809,44.58082590981809,44.58082590981809,0.0,0.0,0.0,0.0,1.019073312184614,50.114439873107685,3.8146624369228093,True,False,True,False,False,True
279,secured_dos_drop,dos_drop,True,28.123244784313968,19.266953169508625,47.39019795382259,47.01281879014524,47.01281879014524,47.01281879014524,0.0,0.0,0.0,0.0,1.0018868958183869,50.011321374910324,0.3773791636773538,True,False,True,False,False,True
280,secured_dos_drop,dos_drop,True,23.895551830174817,18.62965731747869,42.525209147653506,47.004007539498325,47.004007539498325,46.28739979680315,0.0,2.6872790351068914,1.0749116140427566,0.7166077426951711,1.0,50.0,0.0,True,False,True,False,False,True
281,secured_dos_drop,dos_drop,True,27.167823077844872,17.10595123895274,44.27377431679761,46.70756574708292,46.70756574708292,46.31815911823727,0.0,1.4602748581711822,0.5841099432684729,0.3894066288456486,1.0,50.0,0.0,True,False,True,False,False,True
282,secured_dos_drop,dos_drop,True,26.696791415705086,21.508767979127974,48.20555939483306,45.13524769604809,45.13524769604809,45.13524769604809,0.0,0.0,0.0,0.0,1.0153515584939248,50.09210935096355,3.0703116987849697,True,False,True,False,False,True
283,secured_dos_drop,dos_drop,True,21.070426619563726,19.594854659142214,40.66528127870594,46.62048413447961,46.62048413447961,45.667651677555824,0.0,3.5731217134642024,1.4292486853856807,0.9528324569237874,1.0,50.0,0.0,True,False,True,False,False,True
284,secured_dos_drop,dos_drop,True,24.42479202862743,19.797969329392327,44.22276135801975,43.79666096482492,43.79666096482492,43.79666096482492,0.0,0.0,0.0,0.0,1.002130501965974,50.01278301179585,0.4261003931948295,True,False,True,False,False,True
285,secured_dos_drop,dos_drop,True,19.267193114060213,17.13136274093378,36.398555854993994,45.55500029855424,43.79666096482492,36.398555854993994,9.156444443560247,0.0,0.0,0.0,0.9542177777821987,49.72530666669319,-9.156444443560247,True,False,True,True,True,True
286,secured_dos_drop,dos_drop,True,20.12862458018791,18.7476336127172,38.87625819290511,45.91015644326736,45.91015644326736,44.7847327232094,0.0,4.220338950217349,1.6881355800869398,1.12542372005796,1.0,50.0,0.0,True,False,True,False,False,True
287,secured_dos_drop,dos_drop,True,19.988287347839638,20.071890831176514,40.06017817901615,46.6705785794677,46.6705785794677,45.61291451539545,0.0,3.9662402402709316,1.586496096108373,1.0576640640722486,1.0,50.0,0.0,True,False,True,False,False,True
288,secured_dos_drop,dos_drop,True,19.79962737805316,22.300950525943975,42.100577903997134,46.05470394036264,46.6705785794677,44.997039876290394,0.0,3.9662402402709316,1.586496096108373,1.0576640640722486,1.0132813718204303,50.07968823092258,2.6562743640860447,False,False,True,True,False,True
289,secured_dos_drop,dos_drop,True,18.93717811939528,17.511918058869234,36.44909617826451,47.54799365393849,46.6705785794677,42.001832514643816,4.488497075222426,3.9662402402709316,1.586496096108373,1.0576640640722486,0.9775575146238878,49.86534508774333,-4.488497075222426,True,False,True,True,True,True
290,secured_dos_drop,dos_drop,True,12.470212411523868,16.92170879410159,29.391921205625458,46.89432000229344,46.6705785794677,34.94465754200476,10.89199839621643,3.9662402402709316,1.586496096108373,1.0576640640722486,0.9455400080189178,49.673240048113506,-10.89199839621643,True,False,True,True,True,True
291,secured_dos_drop,dos_drop,True,14.66950587990148,20.082644729923683,34.752150609825165,47.94864660159817,46.6705785794677,40.30488694620447,6.5860955913214525,3.9662402402709316,1.586496096108373,1.0576640640722486,0.9670695220433927,49.80241713226036,-6.5860955913214525,True,False,True,True,True,True
292,secured_dos_drop,dos_drop,True,10.217526959868655,21.496766440895076,31.71429340076373,45.55553736812455,46.6705785794677,37.267029737143034,7.2308435669092646,3.9662402402709316,1.586496096108373,1.0576640640722486,0.9638457821654537,49.78307469299272,-7.2308435669092646,True,False,True,True,True,True
293,secured_dos_drop,dos_drop,True,10.470331254292656,17.65913644396283,28.129467698255485,48.22246657083271,46.6705785794677,33.682204034634786,13.482598472125673,3.9662402402709316,1.586496096108373,1.0576640640722486,0.9325870076393716,49.59552204583623,-13.482598472125673,True,False,True,True,True,True
294,secured_dos_drop,dos_drop,True,10.04623433208613,21.667185334887712,31.71341966697384,47.540254178668036,46.6705785794677,37.266156003353146,9.216434111242641,3.9662402402709316,1.586496096108373,1.0576640640722486,0.9539178294437868,49.72350697666272,-9.216434111242641,True,False,True,True,True,True
295,secured_dos_drop,dos_drop,True,10.588107103584251,21.546470330677106,32.13457743426136,46.58355777293509,46.6705785794677,37.687313770640664,7.838579938222175,3.9662402402709316,1.586496096108373,1.0576640640722486,0.9608071003088892,49.76484260185333,-7.838579938222175,False,False,True,True,False,True
296,secured_dos_drop,dos_drop,True,7.349077573215433,21.003339265498,28.35241683871343,46.80852509385715,46.6705785794677,33.905153175092735,11.845707854692165,3.9662402402709316,1.586496096108373,1.0576640640722486,0.9407714607265392,49.64462876435923,-11.845707854692165,True,False,True,True,True,True
297,secured_dos_drop,dos_drop,True,6.106084314001745,21.51154348294945,27.617627796951194,50.57309560765293,46.6705785794677,33.170364133330494,16.345067410250188,3.9662402402709316,1.586496096108373,1.0576640640722486,0.918274662948749,49.509647977692495,-16.345067410250188,False,False,True,True,False,True
298,secured_dos_drop,dos_drop,True,2.6129864504768205,18.36824911044671,20.98123556092353,50.01965680540147,46.6705785794677,26.533971897302834,22.428020844026385,3.9662402402709316,1.586496096108373,1.0576640640722486,0.887859895779868,49.32715937467921,-22.428020844026385,False,False,True,True,False,True
299,secured_dos_drop,dos_drop,True,1.778311612470098,20.131256667384697,21.909568279854795,50.41558333454739,46.6705785794677,27.4623046162341,21.895614654241044,3.9662402402709316,1.586496096108373,1.0576640640722486,0.8905219267287948,49.34313156037277,-21.895614654241044,False,False,True,True,False,True
